sample-id	Run	Assay Type	AvgSpotLen	BarcodeSequence	Bases	BioProject	BioSample	BioSampleModel	Bytes	Center Name	collection_date	Consent	DATASTORE filetype	DATASTORE provider	DATASTORE region	DOB	env_broad_scale	env_local_scale	env_medium	Experiment	geo_loc_name_country	geo_loc_name_country_continent	geo_loc_name	height_cm	host_body_product	host_disease	host	Instrument	isol_growth_condt	lane	lat_lon	Library Name	LibraryLayout	LibrarySelection	LibrarySource	LinkerPrimerSequence	Organism	Platform	ReleaseDate	samp_store_loc	samp_store_temp	Sample Name	SampleID	SRA Study	SubjectID	timepoint	Weight_12Mo	Weight_3Mo	Weight_6Mo	Weight_BL	color	gender	negID
sample-1	SRR9054771	AMPLICON	251	ACACCTGGTGAT	69662791	PRJNA542910	SAMN11645244	MIMARKS.survey,MIGS/MIMS/MIMARKS.human-gut	43333009	STANFORD UNIVERSITY	2013-09-22	public	sra,fastq	gs,s3,ncbi	ncbi.public,s3.us-east-1,gs.US	1965-07-15	ENVO:00002003	UBERON:0000059	ENVO:00002003	SRX5831247	USA	North America	USA: Stanford\, California	162.4	stool	obese	Homo sapiens	Illumina MiSeq		G3	37.4241 N 122.1661 W	G3_208	PAIRED	PCR	METAGENOMIC	GTGCCAGCMGCCGCGGTAA	human metagenome	ILLUMINA	2020-03-06T00:00:00Z	freezer	-80C	G3_208	208	SRP198412	1149	Baseline	85.5	87.5	84.4	94.0	Blue	male	
sample-2	SRR9054772	AMPLICON	251	TTACTGTGCGAT	45188785	PRJNA542910	SAMN11645245	MIMARKS.survey,MIGS/MIMS/MIMARKS.human-gut	27789517	STANFORD UNIVERSITY	2013-12-02	public	sra,fastq	gs,ncbi,s3	ncbi.public,s3.us-east-1,gs.US	1965-07-15	ENVO:00002003	UBERON:0000059	ENVO:00002003	SRX5831246	USA	North America	USA: Stanford\, California	162.4	stool	obese	Homo sapiens	Illumina MiSeq		G3	37.4241 N 122.1661 W	G3_210	PAIRED	PCR	METAGENOMIC	GTGCCAGCMGCCGCGGTAA	human metagenome	ILLUMINA	2020-03-06T00:00:00Z	freezer	-80C	G3_210	210	SRP198412	1149	10 Week	85.5	87.5	84.4	94.0	Blue	male	
sample-3	SRR9054780	AMPLICON	251	TAGGAACTGGCC	35948973	PRJNA542910	SAMN11645364	MIMARKS.survey,MIGS/MIMS/MIMARKS.human-gut	20684236	STANFORD UNIVERSITY	2013-12-14	public	sra,fastq	gs,s3,ncbi	ncbi.public,s3.us-east-1,gs.US	1962-12-04	ENVO:00002003	UBERON:0000059	ENVO:00002003	SRX5831238	USA	North America	USA: Stanford\, California	174.6	stool	obese	Homo sapiens	Illumina MiSeq		G4	37.4241 N 122.1661 W	G4_353	PAIRED	PCR	METAGENOMIC	GTGCCAGCMGCCGCGGTAA	human metagenome	ILLUMINA	2020-03-06T00:00:00Z	freezer	-80C	G4_353	353	SRP198412	1182	10 Week	96.0	89.6	91.5	101.9	Purple	male	
sample-4	SRR9054783	AMPLICON	251	TCCGAATTCACA	54788029	PRJNA542910	SAMN11645365	MIMARKS.survey,MIGS/MIMS/MIMARKS.human-gut	34933418	STANFORD UNIVERSITY	2013-09-28	public	fastq,sra	ncbi,gs,s3	ncbi.public,s3.us-east-1,gs.US	1962-12-04	ENVO:00002003	UBERON:0000059	ENVO:00002003	SRX5831235	USA	North America	USA: Stanford\, California	174.6	stool	obese	Homo sapiens	Illumina MiSeq		G4	37.4241 N 122.1661 W	G4_350	PAIRED	PCR	METAGENOMIC	GTGCCAGCMGCCGCGGTAA	human metagenome	ILLUMINA	2020-03-06T00:00:00Z	freezer	-80C	G4_350	350	SRP198412	1182	Baseline	96.0	89.6	91.5	101.9	Purple	male	
sample-5	SRR9054813	AMPLICON	251	CGAGAAGAGAAC	25455416	PRJNA542910	SAMN11645022	MIMARKS.survey,MIGS/MIMS/MIMARKS.human-gut	15154285	STANFORD UNIVERSITY	2013-09-14	public	sra,fastq	ncbi,s3,gs	ncbi.public,gs.US,s3.us-east-1	1964-12-27	ENVO:00002003	UBERON:0000059	ENVO:00002003	SRX5831205	USA	North America	USA: Stanford\, California	164.5	stool	obese	Homo sapiens	Illumina MiSeq		G1	37.4241 N 122.1661 W	G1_94	PAIRED	PCR	METAGENOMIC	GTGCCAGCMGCCGCGGTAA	human metagenome	ILLUMINA	2020-03-06T00:00:00Z	freezer	-80C	G1_94	94	SRP198412	1140	Baseline	119.4	121.8	121.0	129.8	Blue	male	
sample-6	SRR9054826	AMPLICON	251	GAGGCTCATCAT	33576521	PRJNA542910	SAMN11644929	MIMARKS.survey,MIGS/MIMS/MIMARKS.human-gut	18456048	STANFORD UNIVERSITY	2013-09-14	public	fastq,sra	s3,ncbi,gs	gs.US,s3.us-east-1,ncbi.public	1972-03-07	ENVO:00002003	UBERON:0000059	ENVO:00002003	SRX5831192	USA	North America	USA: Stanford\, California	153.5	stool	obese	Homo sapiens	Illumina MiSeq		G1	37.4241 N 122.1661 W	G1_53	PAIRED	PCR	METAGENOMIC	GTGCCAGCMGCCGCGGTAA	human metagenome	ILLUMINA	2020-03-06T00:00:00Z	freezer	-80C	G1_53	53	SRP198412	1088	Baseline	86.0	84.5	84.2	84.2	Blue	female	
sample-7	SRR9054830	AMPLICON	251	AGTAGAGGGATG	29386829	PRJNA542910	SAMN11644933	MIMARKS.survey,MIGS/MIMS/MIMARKS.human-gut	16352496	STANFORD UNIVERSITY	2013-12-01	public	sra,fastq	gs,ncbi,s3	gs.US,s3.us-east-1,ncbi.public	1972-03-07	ENVO:00002003	UBERON:0000059	ENVO:00002003	SRX5831188	USA	North America	USA: Stanford\, California	153.5	stool	obese	Homo sapiens	Illumina MiSeq		G1	37.4241 N 122.1661 W	G1_56	PAIRED	PCR	METAGENOMIC	GTGCCAGCMGCCGCGGTAA	human metagenome	ILLUMINA	2020-03-06T00:00:00Z	freezer	-80C	G1_56	56	SRP198412	1088	10 Week	86.0	84.5	84.2	84.2	Blue	female	
sample-8	SRR9054838	AMPLICON	251	TTGCGCATACTA	34287855	PRJNA542910	SAMN11644945	MIMARKS.survey,MIGS/MIMS/MIMARKS.human-gut	21028488	STANFORD UNIVERSITY	2013-11-29	public	sra,fastq	s3,ncbi,gs	gs.US,s3.us-east-1,ncbi.public	1972-08-15	ENVO:00002003	UBERON:0000059	ENVO:00002003	SRX5831180	USA	North America	USA: Stanford\, California	171.3	stool	obese	Homo sapiens	Illumina MiSeq		G1	37.4241 N 122.1661 W	G1_91	PAIRED	PCR	METAGENOMIC	GTGCCAGCMGCCGCGGTAA	human metagenome	ILLUMINA	2020-03-06T00:00:00Z	freezer	-80C	G1_91	91	SRP198412	1092	10 Week	76.0	77.2	75.0	90.1	Blue	male	
sample-9	SRR9054841	AMPLICON	251	ACGGGACATGCT	33470599	PRJNA542910	SAMN11644944	MIMARKS.survey,MIGS/MIMS/MIMARKS.human-gut	19216519	STANFORD UNIVERSITY	2013-09-16	public	fastq,sra	s3,gs,ncbi	ncbi.public,gs.US,s3.us-east-1	1972-08-15	ENVO:00002003	UBERON:0000059	ENVO:00002003	SRX5831177	USA	North America	USA: Stanford\, California	171.3	stool	obese	Homo sapiens	Illumina MiSeq		G1	37.4241 N 122.1661 W	G1_88	PAIRED	PCR	METAGENOMIC	GTGCCAGCMGCCGCGGTAA	human metagenome	ILLUMINA	2020-03-06T00:00:00Z	freezer	-80C	G1_88	88	SRP198412	1092	Baseline	76.0	77.2	75.0	90.1	Blue	male	
sample-10	SRR9054843	AMPLICON	251	CTAGCGAACATC	29996759	PRJNA542910	SAMN11644948	MIMARKS.survey,MIGS/MIMS/MIMARKS.human-gut	17966199	STANFORD UNIVERSITY	2013-11-19	public	fastq,sra	s3,gs,ncbi	ncbi.public,s3.us-east-1,gs.US	1963-10-23	ENVO:00002003	UBERON:0000059	ENVO:00002003	SRX5831175	USA	North America	USA: Stanford\, California	170.6	stool	obese	Homo sapiens	Illumina MiSeq		G1	37.4241 N 122.1661 W	G1_50	PAIRED	PCR	METAGENOMIC	GTGCCAGCMGCCGCGGTAA	human metagenome	ILLUMINA	2020-03-06T00:00:00Z	freezer	-80C	G1_50	50	SRP198412	1097	10 Week	69.1	69.1	69.4	72.1	Blue	female	
sample-11	SRR9054846	AMPLICON	251	AAGGAGCGCCTT	38980802	PRJNA542910	SAMN11645222	MIMARKS.survey,MIGS/MIMS/MIMARKS.human-gut	23844332	STANFORD UNIVERSITY	2013-09-21	public	fastq,sra	gs,ncbi,s3	ncbi.public,gs.US,s3.us-east-1	1963-03-24	ENVO:00002003	UBERON:0000059	ENVO:00002003	SRX5831172	USA	North America	USA: Stanford\, California	170.0	stool	obese	Homo sapiens	Illumina MiSeq		G3	37.4241 N 122.1661 W	G3_250	PAIRED	PCR	METAGENOMIC	GTGCCAGCMGCCGCGGTAA	human metagenome	ILLUMINA	2020-03-06T00:00:00Z	freezer	-80C	G3_250	250	SRP198412	1142	Baseline	102.5	107.0	104.6	126.7	Blue	male	
sample-12	SRR9054850	AMPLICON	251	TCCGAATTCACA	4267	PRJNA542910	SAMN11645226	MIMARKS.survey,MIGS/MIMS/MIMARKS.human-gut	82900	STANFORD UNIVERSITY	2013-12-03	public	sra,fastq	ncbi,s3,gs	ncbi.public,gs.US,s3.us-east-1	1963-03-24	ENVO:00002003	UBERON:0000059	ENVO:00002003	SRX5831168	USA	North America	USA: Stanford\, California	170.0	stool	obese	Homo sapiens	Illumina MiSeq		G3	37.4241 N 122.1661 W	G3_253	PAIRED	PCR	METAGENOMIC	GTGCCAGCMGCCGCGGTAA	human metagenome	ILLUMINA	2020-03-06T00:00:00Z	freezer	-80C	G3_253	253	SRP198412	1142	10 Week	102.5	107.0	104.6	126.7	Blue	male	
sample-13	SRR9054854	AMPLICON	251	CTTCGGCAGAAT	25110793	PRJNA542910	SAMN11645281	MIMARKS.survey,MIGS/MIMS/MIMARKS.human-gut	17424477	STANFORD UNIVERSITY	2013-12-12	public	fastq,sra	gs,ncbi,s3	ncbi.public,gs.US,s3.us-east-1	1966-09-16	ENVO:00002003	UBERON:0000059	ENVO:00002003	SRX5831164	USA	North America	USA: Stanford\, California	166.1	stool	obese	Homo sapiens	Illumina MiSeq		G3	37.4241 N 122.1661 W	G3_283	PAIRED	PCR	METAGENOMIC	GTGCCAGCMGCCGCGGTAA	human metagenome	ILLUMINA	2020-03-06T00:00:00Z	freezer	-80C	G3_283	283	SRP198412	1172	10 Week	66.0	69.1	68.0	81.7	Blue	female	
sample-14	SRR9054855	AMPLICON	251	GACGGAACCCAT	12963648	PRJNA542910	SAMN11645282	MIMARKS.survey,MIGS/MIMS/MIMARKS.human-gut	8113294	STANFORD UNIVERSITY	2013-09-28	public	sra,fastq	gs,ncbi,s3	ncbi.public,gs.US,s3.us-east-1	1966-09-16	ENVO:00002003	UBERON:0000059	ENVO:00002003	SRX5831163	USA	North America	USA: Stanford\, California	166.1	stool	obese	Homo sapiens	Illumina MiSeq		G3	37.4241 N 122.1661 W	G3_280	PAIRED	PCR	METAGENOMIC	GTGCCAGCMGCCGCGGTAA	human metagenome	ILLUMINA	2020-03-06T00:00:00Z	freezer	-80C	G3_280	280	SRP198412	1172	Baseline	66.0	69.1	68.0	81.7	Blue	female	
sample-15	SRR9054858	AMPLICON	251	ACATTCAGCGCA	1004	PRJNA542910	SAMN11645285	MIMARKS.survey,MIGS/MIMS/MIMARKS.human-gut	79883	STANFORD UNIVERSITY	2013-12-04	public	fastq,sra	ncbi,s3,gs	ncbi.public,gs.US,s3.us-east-1	1970-12-07	ENVO:00002003	UBERON:0000059	ENVO:00002003	SRX5831160	USA	North America	USA: Stanford\, California	185.6	stool	obese	Homo sapiens	Illumina MiSeq		G3	37.4241 N 122.1661 W	G3_288	PAIRED	PCR	METAGENOMIC	GTGCCAGCMGCCGCGGTAA	human metagenome	ILLUMINA	2020-03-06T00:00:00Z	freezer	-80C	G3_288	288	SRP198412	1173	10 Week	128.0	120.2	118.8	134.7	Blue	male	
sample-16	SRR9054859	AMPLICON	251	GGAAACCACCAC	75026661	PRJNA542910	SAMN11645286	MIMARKS.survey,MIGS/MIMS/MIMARKS.human-gut	51535565	STANFORD UNIVERSITY	2013-09-26	public	fastq,sra	s3,ncbi,gs	gs.US,s3.us-east-1,ncbi.public	1970-12-07	ENVO:00002003	UBERON:0000059	ENVO:00002003	SRX5831159	USA	North America	USA: Stanford\, California	185.6	stool	obese	Homo sapiens	Illumina MiSeq		G3	37.4241 N 122.1661 W	G3_286	PAIRED	PCR	METAGENOMIC	GTGCCAGCMGCCGCGGTAA	human metagenome	ILLUMINA	2020-03-06T00:00:00Z	freezer	-80C	G3_286	286	SRP198412	1173	Baseline	128.0	120.2	118.8	134.7	Blue	male	
sample-17	SRR9054862	AMPLICON	251	ACACCTGGTGAT	53284037	PRJNA542910	SAMN11645121	MIMARKS.survey,MIGS/MIMS/MIMARKS.human-gut	29144282	STANFORD UNIVERSITY	2013-11-27	public	sra,fastq	ncbi,s3,gs	ncbi.public,gs.US,s3.us-east-1	1962-08-31	ENVO:00002003	UBERON:0000059	ENVO:00002003	SRX5831156	USA	North America	USA: Stanford\, California	184.1	stool	obese	Homo sapiens	Illumina MiSeq		G2	37.4241 N 122.1661 W	G2_113	PAIRED	PCR	METAGENOMIC	GTGCCAGCMGCCGCGGTAA	human metagenome	ILLUMINA	2020-03-06T00:00:00Z	freezer	-80C	G2_113	113	SRP198412	1103	10 Week	80.0	77.4	73.5	85.0	Blue	female	
sample-18	SRR9054864	AMPLICON	251	GGTGTCTATTGT	69006928	PRJNA542910	SAMN11645119	MIMARKS.survey,MIGS/MIMS/MIMARKS.human-gut	38377969	STANFORD UNIVERSITY	2013-09-22	public	fastq,sra	s3,gs,ncbi	ncbi.public,gs.US,s3.us-east-1	1983-02-19	ENVO:00002003	UBERON:0000059	ENVO:00002003	SRX5831154	USA	North America	USA: Stanford\, California	162.8	stool	obese	Homo sapiens	Illumina MiSeq		G2	37.4241 N 122.1661 W	G2_169	PAIRED	PCR	METAGENOMIC	GTGCCAGCMGCCGCGGTAA	human metagenome	ILLUMINA	2020-03-06T00:00:00Z	freezer	-80C	G2_169	169	SRP198412	1098	Baseline	86.4	85.1	83.4	92.1	Purple	female	
sample-19	SRR9054867	AMPLICON	251	GCACACACGTTA	30009058	PRJNA542910	SAMN11645126	MIMARKS.survey,MIGS/MIMS/MIMARKS.human-gut	16364405	STANFORD UNIVERSITY	2013-09-20	public	sra,fastq	ncbi,s3,gs	ncbi.public,gs.US,s3.us-east-1	1974-04-13	ENVO:00002003	UBERON:0000059	ENVO:00002003	SRX5831151	USA	North America	USA: Stanford\, California	165.1	stool	obese	Homo sapiens	Illumina MiSeq		G2	37.4241 N 122.1661 W	G2_127	PAIRED	PCR	METAGENOMIC	GTGCCAGCMGCCGCGGTAA	human metagenome	ILLUMINA	2020-03-06T00:00:00Z	freezer	-80C	G2_127	127	SRP198412	1104	Baseline	90.5	90.8	89.4	98.5	Purple	female	
sample-20	SRR9054868	AMPLICON	251	GCTGATGAGCTG	29997512	PRJNA542910	SAMN11645123	MIMARKS.survey,MIGS/MIMS/MIMARKS.human-gut	16259407	STANFORD UNIVERSITY	2013-12-05	public	fastq,sra	s3,ncbi,gs	s3.us-east-1,ncbi.public,gs.US	1974-04-13	ENVO:00002003	UBERON:0000059	ENVO:00002003	SRX5831150	USA	North America	USA: Stanford\, California	165.1	stool	obese	Homo sapiens	Illumina MiSeq		G2	37.4241 N 122.1661 W	G2_131	PAIRED	PCR	METAGENOMIC	GTGCCAGCMGCCGCGGTAA	human metagenome	ILLUMINA	2020-03-06T00:00:00Z	freezer	-80C	G2_131	131	SRP198412	1104	10 Week	90.5	90.8	89.4	98.5	Purple	female	
sample-21	SRR9054873	AMPLICON	251	TAGGAACTGGCC	20320960	PRJNA542910	SAMN11645207	MIMARKS.survey,MIGS/MIMS/MIMARKS.human-gut	13951578	STANFORD UNIVERSITY	2013-09-23	public	fastq,sra	s3,gs,ncbi	ncbi.public,gs.US,s3.us-east-1	1975-05-16	ENVO:00002003	UBERON:0000059	ENVO:00002003	SRX5831145	USA	North America	USA: Stanford\, California	167.7	stool	obese	Homo sapiens	Illumina MiSeq		G3	37.4241 N 122.1661 W	G3_256	PAIRED	PCR	METAGENOMIC	GTGCCAGCMGCCGCGGTAA	human metagenome	ILLUMINA	2020-03-06T00:00:00Z	freezer	-80C	G3_256	256	SRP198412	1108	Baseline	78.1	82.4	73.8	95.0	Blue	male	
sample-22	SRR9054879	AMPLICON	251	ACGCCACGAATG	50435940	PRJNA542910	SAMN11645201	MIMARKS.survey,MIGS/MIMS/MIMARKS.human-gut	32266912	STANFORD UNIVERSITY	2013-09-21	public	fastq,sra	s3,ncbi,gs	s3.us-east-1,ncbi.public,gs.US	1963-08-02	ENVO:00002003	UBERON:0000059	ENVO:00002003	SRX5831139	USA	North America	USA: Stanford\, California	180.0	stool	obese	Homo sapiens	Illumina MiSeq		G2	37.4241 N 122.1661 W	G2_157	PAIRED	PCR	METAGENOMIC	GTGCCAGCMGCCGCGGTAA	human metagenome	ILLUMINA	2020-03-06T00:00:00Z	freezer	-80C	G2_157	157	SRP198412	1166	Baseline	85.4	83.9	84.1	90.8	Purple	male	
sample-23	SRR9054881	AMPLICON	251	CTAGCGAACATC	33351876	PRJNA542910	SAMN11645199	MIMARKS.survey,MIGS/MIMS/MIMARKS.human-gut	18699721	STANFORD UNIVERSITY	2013-12-02	public	fastq,sra	ncbi,s3,gs	gs.US,s3.us-east-1,ncbi.public	1963-08-02	ENVO:00002003	UBERON:0000059	ENVO:00002003	SRX5831137	USA	North America	USA: Stanford\, California	180.0	stool	obese	Homo sapiens	Illumina MiSeq		G2	37.4241 N 122.1661 W	G2_160	PAIRED	PCR	METAGENOMIC	GTGCCAGCMGCCGCGGTAA	human metagenome	ILLUMINA	2020-03-06T00:00:00Z	freezer	-80C	G2_160	160	SRP198412	1166	10 Week	85.4	83.9	84.1	90.8	Purple	male	
sample-24	SRR9054907	AMPLICON	251	ATCCCGAATTTG	36657295	PRJNA542910	SAMN11645337	MIMARKS.survey,MIGS/MIMS/MIMARKS.human-gut	21006852	STANFORD UNIVERSITY	2013-09-26	public	fastq,sra	gs,ncbi,s3	ncbi.public,gs.US,s3.us-east-1	1986-01-10	ENVO:00002003	UBERON:0000059	ENVO:00002003	SRX5831111	USA	North America	USA: Stanford\, California	167.7	stool	obese	Homo sapiens	Illumina MiSeq		G4	37.4241 N 122.1661 W	G4_333	PAIRED	PCR	METAGENOMIC	GTGCCAGCMGCCGCGGTAA	human metagenome	ILLUMINA	2020-03-06T00:00:00Z	freezer	-80C	G4_333	333	SRP198412	1168	Baseline	81.4	96.1	90.0	107.4	Blue	male	
sample-25	SRR9054908	AMPLICON	251	TAGCTCGTAACT	35719057	PRJNA542910	SAMN11645338	MIMARKS.survey,MIGS/MIMS/MIMARKS.human-gut	20345068	STANFORD UNIVERSITY	2013-12-07	public	sra,fastq	ncbi,s3,gs	ncbi.public,gs.US,s3.us-east-1	1986-01-10	ENVO:00002003	UBERON:0000059	ENVO:00002003	SRX5831110	USA	North America	USA: Stanford\, California	167.7	stool	obese	Homo sapiens	Illumina MiSeq		G4	37.4241 N 122.1661 W	G4_335	PAIRED	PCR	METAGENOMIC	GTGCCAGCMGCCGCGGTAA	human metagenome	ILLUMINA	2020-03-06T00:00:00Z	freezer	-80C	G4_335	335	SRP198412	1168	10 Week	81.4	96.1	90.0	107.4	Blue	male	
sample-26	SRR9054914	AMPLICON	251	AAGGAGCGCCTT	34814955	PRJNA542910	SAMN11645330	MIMARKS.survey,MIGS/MIMS/MIMARKS.human-gut	21860987	STANFORD UNIVERSITY	2014-01-16	public	fastq,sra	gs,ncbi,s3	ncbi.public,gs.US,s3.us-east-1	1964-04-14	ENVO:00002003	UBERON:0000059	ENVO:00002003	SRX5831104	USA	North America	USA: Stanford\, California	167.0	stool	obese	Homo sapiens	Illumina MiSeq		G4	37.4241 N 122.1661 W	G4_347	PAIRED	PCR	METAGENOMIC	GTGCCAGCMGCCGCGGTAA	human metagenome	ILLUMINA	2020-03-06T00:00:00Z	freezer	-80C	G4_347	347	SRP198412	1161	10 Week	91.4	89.6		93.8	Purple	male	
sample-27	SRR9054915	AMPLICON	251	TCCAAAGTGTTC	27978719	PRJNA542910	SAMN11645331	MIMARKS.survey,MIGS/MIMS/MIMARKS.human-gut	15664818	STANFORD UNIVERSITY	2013-09-25	public	sra,fastq	ncbi,s3,gs	ncbi.public,gs.US,s3.us-east-1	1964-04-14	ENVO:00002003	UBERON:0000059	ENVO:00002003	SRX5831103	USA	North America	USA: Stanford\, California	167.0	stool	obese	Homo sapiens	Illumina MiSeq		G4	37.4241 N 122.1661 W	G4_344	PAIRED	PCR	METAGENOMIC	GTGCCAGCMGCCGCGGTAA	human metagenome	ILLUMINA	2020-03-06T00:00:00Z	freezer	-80C	G4_344	344	SRP198412	1161	Baseline	91.4	89.6		93.8	Purple	male	
sample-28	SRR9054917	AMPLICON	250	AGTAGAGGGATG	750	PRJNA542910	SAMN11645408	MIMARKS.survey,MIGS/MIMS/MIMARKS.human-gut	79674	STANFORD UNIVERSITY	2013-10-13	public	fastq,sra	s3,ncbi,gs	ncbi.public,gs.US,s3.us-east-1	1982-10-06	ENVO:00002003	UBERON:0000059	ENVO:00002003	SRX5831101	USA	North America	USA: Stanford\, California	185.1	stool	obese	Homo sapiens	Illumina MiSeq		G5	37.4241 N 122.1661 W	G5_480	PAIRED	PCR	METAGENOMIC	GTGCCAGCMGCCGCGGTAA	human metagenome	ILLUMINA	2020-03-06T00:00:00Z	freezer	-80C	G5_480	480	SRP198412	1180	Baseline	106.1	105.4	106.1	118.8	Blue	male	
sample-29	SRR9054919	AMPLICON	250	ACATTCAGCGCA	46381000	PRJNA542910	SAMN11645400	MIMARKS.survey,MIGS/MIMS/MIMARKS.human-gut	26296699	STANFORD UNIVERSITY	2013-12-12	public	fastq,sra	gs,ncbi,s3	ncbi.public,gs.US,s3.us-east-1	1971-08-11	ENVO:00002003	UBERON:0000059	ENVO:00002003	SRX5831099	USA	North America	USA: Stanford\, California	163.3	stool	obese	Homo sapiens	Illumina MiSeq		G5	37.4241 N 122.1661 W	G5_341.G5	PAIRED	PCR	METAGENOMIC	GTGCCAGCMGCCGCGGTAA	human metagenome	ILLUMINA	2020-03-06T00:00:00Z	freezer	-80C	G5_341.G5	341.G5	SRP198412	1131	10 Week	78.8	79.5	75.4	85.1	Purple	male	
sample-30	SRR9054920	AMPLICON	250	GGATCGCAGATC	49932000	PRJNA542910	SAMN11645399	MIMARKS.survey,MIGS/MIMS/MIMARKS.human-gut	27773294	STANFORD UNIVERSITY	2013-09-21	public	sra,fastq	gs,ncbi,s3	ncbi.public,gs.US,s3.us-east-1	1965-09-26	ENVO:00002003	UBERON:0000059	ENVO:00002003	SRX5831098	USA	North America	USA: Stanford\, California	183.6	stool	obese	Homo sapiens	Illumina MiSeq		G5	37.4241 N 122.1661 W	G5_441	PAIRED	PCR	METAGENOMIC	GTGCCAGCMGCCGCGGTAA	human metagenome	ILLUMINA	2020-03-06T00:00:00Z	freezer	-80C	G5_441	441	SRP198412	1124	Baseline	96.0	99.0	95.7	102.1	Blue	female	
sample-31	SRR9054921	AMPLICON	250	TGAGTCACTGGT	33050500	PRJNA542910	SAMN11645402	MIMARKS.survey,MIGS/MIMS/MIMARKS.human-gut	20298684	STANFORD UNIVERSITY	2013-09-09	public	fastq,sra	gs,ncbi,s3	ncbi.public,gs.US,s3.us-east-1	1980-11-16	ENVO:00002003	UBERON:0000059	ENVO:00002003	SRX5831097	USA	North America	USA: Stanford\, California	170.3	stool	obese	Homo sapiens	Illumina MiSeq		G5	37.4241 N 122.1661 W	G5_435	PAIRED	PCR	METAGENOMIC	GTGCCAGCMGCCGCGGTAA	human metagenome	ILLUMINA	2020-03-06T00:00:00Z	freezer	-80C	G5_435	435	SRP198412	1178	Baseline	88.8	90.4	88.5	89.9	Purple	male	
sample-32	SRR9054926	AMPLICON	250	GCACACACGTTA	52951250	PRJNA542910	SAMN11645405	MIMARKS.survey,MIGS/MIMS/MIMARKS.human-gut	29847110	STANFORD UNIVERSITY	2014-01-11	public	fastq,sra	gs,ncbi,s3	ncbi.public,gs.US,s3.us-east-1	1980-11-16	ENVO:00002003	UBERON:0000059	ENVO:00002003	SRX5831092	USA	North America	USA: Stanford\, California	170.3	stool	obese	Homo sapiens	Illumina MiSeq		G5	37.4241 N 122.1661 W	G5_438	PAIRED	PCR	METAGENOMIC	GTGCCAGCMGCCGCGGTAA	human metagenome	ILLUMINA	2020-03-06T00:00:00Z	freezer	-80C	G5_438	438	SRP198412	1178	10 Week	88.8	90.4	88.5	89.9	Purple	male	
sample-33	SRR9054940	AMPLICON	251	GTACGTGGGATC	53204972	PRJNA542910	SAMN11644958	MIMARKS.survey,MIGS/MIMS/MIMARKS.human-gut	29389548	STANFORD UNIVERSITY	2013-09-13	public	fastq,sra	gs,ncbi,s3	ncbi.public,gs.US,s3.us-east-1	1962-08-31	ENVO:00002003	UBERON:0000059	ENVO:00002003	SRX5831078	USA	North America	USA: Stanford\, California	184.1	stool	obese	Homo sapiens	Illumina MiSeq		G1	37.4241 N 122.1661 W	G1_109	PAIRED	PCR	METAGENOMIC	GTGCCAGCMGCCGCGGTAA	human metagenome	ILLUMINA	2020-03-06T00:00:00Z	freezer	-80C	G1_109	109	SRP198412	1103	Baseline	80.0	77.4	73.5	85.0	Blue	female	
sample-34	SRR9054945	AMPLICON	251	GGCCACGTAGTA	28468420	PRJNA542910	SAMN11644949	MIMARKS.survey,MIGS/MIMS/MIMARKS.human-gut	17042942	STANFORD UNIVERSITY	2013-09-15	public	fastq,sra	gs,ncbi,s3	ncbi.public,gs.US,s3.us-east-1	1963-10-23	ENVO:00002003	UBERON:0000059	ENVO:00002003	SRX5831073	USA	North America	USA: Stanford\, California	170.6	stool	obese	Homo sapiens	Illumina MiSeq		G1	37.4241 N 122.1661 W	G1_48	PAIRED	PCR	METAGENOMIC	GTGCCAGCMGCCGCGGTAA	human metagenome	ILLUMINA	2020-03-06T00:00:00Z	freezer	-80C	G1_48	48	SRP198412	1097	Baseline	69.1	69.1	69.4	72.1	Blue	female	
sample-35	SRR9054948	AMPLICON	251	TACACGATCTAC	35987125	PRJNA542910	SAMN11644954	MIMARKS.survey,MIGS/MIMS/MIMARKS.human-gut	21440239	STANFORD UNIVERSITY	2013-11-26	public	fastq,sra	s3,gs,ncbi	ncbi.public,gs.US,s3.us-east-1	1974-03-01	ENVO:00002003	UBERON:0000059	ENVO:00002003	SRX5831070	USA	North America	USA: Stanford\, California	173.2	stool	obese	Homo sapiens	Illumina MiSeq		G1	37.4241 N 122.1661 W	G1_16	PAIRED	PCR	METAGENOMIC	GTGCCAGCMGCCGCGGTAA	human metagenome	ILLUMINA	2020-03-06T00:00:00Z	freezer	-80C	G1_16	16	SRP198412	1100	10 Week	99.8	110.3	102.6	123.2	Purple	female	
sample-36	SRR9054949	AMPLICON	251	CCTCGTTCGACT	35762731	PRJNA542910	SAMN11644953	MIMARKS.survey,MIGS/MIMS/MIMARKS.human-gut	20002398	STANFORD UNIVERSITY	2013-09-17	public	fastq,sra	s3,ncbi,gs	gs.US,s3.us-east-1,ncbi.public	1974-03-01	ENVO:00002003	UBERON:0000059	ENVO:00002003	SRX5831069	USA	North America	USA: Stanford\, California	173.2	stool	obese	Homo sapiens	Illumina MiSeq		G1	37.4241 N 122.1661 W	G1_13	PAIRED	PCR	METAGENOMIC	GTGCCAGCMGCCGCGGTAA	human metagenome	ILLUMINA	2020-03-06T00:00:00Z	freezer	-80C	G1_13	13	SRP198412	1100	Baseline	99.8	110.3	102.6	123.2	Purple	female	
sample-37	SRR9054959	AMPLICON	251	TCGAGGACTGCA	19449739	PRJNA542910	SAMN11645234	MIMARKS.survey,MIGS/MIMS/MIMARKS.human-gut	11903047	STANFORD UNIVERSITY	2013-09-22	public	fastq,sra	s3,gs,ncbi	ncbi.public,gs.US,s3.us-east-1	1967-10-06	ENVO:00002003	UBERON:0000059	ENVO:00002003	SRX5831059	USA	North America	USA: Stanford\, California	170.5	stool	obese	Homo sapiens	Illumina MiSeq		G3	37.4241 N 122.1661 W	G3_244	PAIRED	PCR	METAGENOMIC	GTGCCAGCMGCCGCGGTAA	human metagenome	ILLUMINA	2020-03-06T00:00:00Z	freezer	-80C	G3_244	244	SRP198412	1145	Baseline	66.1	66.0	64.3	73.9	Blue	female	
sample-38	SRR9054961	AMPLICON	251	TCCAAAGTGTTC	5676616	PRJNA542910	SAMN11645238	MIMARKS.survey,MIGS/MIMS/MIMARKS.human-gut	3565482	STANFORD UNIVERSITY	2013-12-02	public	fastq,sra	gs,s3,ncbi	ncbi.public,gs.US,s3.us-east-1	1967-10-06	ENVO:00002003	UBERON:0000059	ENVO:00002003	SRX5831057	USA	North America	USA: Stanford\, California	170.5	stool	obese	Homo sapiens	Illumina MiSeq		G3	37.4241 N 122.1661 W	G3_247	PAIRED	PCR	METAGENOMIC	GTGCCAGCMGCCGCGGTAA	human metagenome	ILLUMINA	2020-03-06T00:00:00Z	freezer	-80C	G3_247	247	SRP198412	1145	10 Week	66.1	66.0	64.3	73.9	Blue	female	
sample-39	SRR9054966	AMPLICON	251	ACACCTGGTGAT	39884904	PRJNA542910	SAMN11645372	MIMARKS.survey,MIGS/MIMS/MIMARKS.human-gut	24808357	STANFORD UNIVERSITY	2013-12-09	public	fastq,sra	gs,ncbi,s3	ncbi.public,s3.us-east-1,gs.US	1964-11-05	ENVO:00002003	UBERON:0000059	ENVO:00002003	SRX5831052	USA	North America	USA: Stanford\, California	150.5	stool	obese	Homo sapiens	Illumina MiSeq		G4	37.4241 N 122.1661 W	G4_306	PAIRED	PCR	METAGENOMIC	GTGCCAGCMGCCGCGGTAA	human metagenome	ILLUMINA	2020-03-06T00:00:00Z	freezer	-80C	G4_306	306	SRP198412	1189	10 Week	90.3	87.6	91.1	89.2	Blue	female	
sample-40	SRR9054967	AMPLICON	251	GGAGACAAGGGA	34189965	PRJNA542910	SAMN11645373	MIMARKS.survey,MIGS/MIMS/MIMARKS.human-gut	21492772	STANFORD UNIVERSITY	2013-09-25	public	fastq,sra	gs,ncbi,s3	ncbi.public,gs.US,s3.us-east-1	1964-11-05	ENVO:00002003	UBERON:0000059	ENVO:00002003	SRX5831051	USA	North America	USA: Stanford\, California	150.5	stool	obese	Homo sapiens	Illumina MiSeq		G4	37.4241 N 122.1661 W	G4_303	PAIRED	PCR	METAGENOMIC	GTGCCAGCMGCCGCGGTAA	human metagenome	ILLUMINA	2020-03-06T00:00:00Z	freezer	-80C	G4_303	303	SRP198412	1189	Baseline	90.3	87.6	91.1	89.2	Blue	female	
sample-41	SRR9054970	AMPLICON	251	GGATCGCAGATC	30082350	PRJNA542910	SAMN11645376	MIMARKS.survey,MIGS/MIMS/MIMARKS.human-gut	18982308	STANFORD UNIVERSITY	2013-12-12	public	fastq,sra	gs,ncbi,s3	gs.US,s3.us-east-1,ncbi.public	1972-07-25	ENVO:00002003	UBERON:0000059	ENVO:00002003	SRX5831048	USA	North America	USA: Stanford\, California	163.3	stool	obese	Homo sapiens	Illumina MiSeq		G4	37.4241 N 122.1661 W	G4_323	PAIRED	PCR	METAGENOMIC	GTGCCAGCMGCCGCGGTAA	human metagenome	ILLUMINA	2020-03-06T00:00:00Z	freezer	-80C	G4_323	323	SRP198412	1191	10 Week	101.0	91.6	85.7	102.6	Blue	female	
sample-42	SRR9054981	AMPLICON	251	ACATTCAGCGCA	46823548	PRJNA542910	SAMN11645167	MIMARKS.survey,MIGS/MIMS/MIMARKS.human-gut	26189346	STANFORD UNIVERSITY	2013-09-20	public	sra,fastq	gs,ncbi,s3	gs.US,s3.us-east-1,ncbi.public	1974-02-12	ENVO:00002003	UBERON:0000059	ENVO:00002003	SRX5831037	USA	North America	USA: Stanford\, California	167.0	stool	obese	Homo sapiens	Illumina MiSeq		G2	37.4241 N 122.1661 W	G2_191	PAIRED	PCR	METAGENOMIC	GTGCCAGCMGCCGCGGTAA	human metagenome	ILLUMINA	2020-03-06T00:00:00Z	freezer	-80C	G2_191	191	SRP198412	1143	Baseline	90.4	81.0	83.7	82.6	Purple	female	
sample-43	SRR9054982	AMPLICON	251	AGGCATCTTACG	28182531	PRJNA542910	SAMN11645166	MIMARKS.survey,MIGS/MIMS/MIMARKS.human-gut	15819575	STANFORD UNIVERSITY	2013-12-06	public	fastq,sra	gs,ncbi,s3	gs.US,s3.us-east-1,ncbi.public	1974-02-12	ENVO:00002003	UBERON:0000059	ENVO:00002003	SRX5831036	USA	North America	USA: Stanford\, California	167.0	stool	obese	Homo sapiens	Illumina MiSeq		G2	37.4241 N 122.1661 W	G2_194	PAIRED	PCR	METAGENOMIC	GTGCCAGCMGCCGCGGTAA	human metagenome	ILLUMINA	2020-03-06T00:00:00Z	freezer	-80C	G2_194	194	SRP198412	1143	10 Week	90.4	81.0	83.7	82.6	Purple	female	
sample-44	SRR9054987	AMPLICON	251	GAACCAAAGGAT	37861342	PRJNA542910	SAMN11645161	MIMARKS.survey,MIGS/MIMS/MIMARKS.human-gut	21232451	STANFORD UNIVERSITY	2013-11-21	public	fastq,sra	ncbi,gs,s3	ncbi.public,s3.us-east-1,gs.US	1971-05-29	ENVO:00002003	UBERON:0000059	ENVO:00002003	SRX5831031	USA	North America	USA: Stanford\, California	175.1	stool	obese	Homo sapiens	Illumina MiSeq		G2	37.4241 N 122.1661 W	G2_118	PAIRED	PCR	METAGENOMIC	GTGCCAGCMGCCGCGGTAA	human metagenome	ILLUMINA	2020-03-06T00:00:00Z	freezer	-80C	G2_118	118	SRP198412	1141	10 Week	107.5	101.0	97.6	111.8	Purple	male	
sample-45	SRR9054988	AMPLICON	251	TTACTGTGCGAT	40618828	PRJNA542910	SAMN11645160	MIMARKS.survey,MIGS/MIMS/MIMARKS.human-gut	25676083	STANFORD UNIVERSITY	2013-09-20	public	sra,fastq	gs,ncbi,s3	ncbi.public,gs.US,s3.us-east-1	1971-05-29	ENVO:00002003	UBERON:0000059	ENVO:00002003	SRX5831030	USA	North America	USA: Stanford\, California	175.1	stool	obese	Homo sapiens	Illumina MiSeq		G2	37.4241 N 122.1661 W	G2_115	PAIRED	PCR	METAGENOMIC	GTGCCAGCMGCCGCGGTAA	human metagenome	ILLUMINA	2020-03-06T00:00:00Z	freezer	-80C	G2_115	115	SRP198412	1141	Baseline	107.5	101.0	97.6	111.8	Purple	male	
sample-46	SRR9054990	AMPLICON	251	ATCGATCTGTGG	31750245	PRJNA542910	SAMN11644991	MIMARKS.survey,MIGS/MIMS/MIMARKS.human-gut	19449768	STANFORD UNIVERSITY	2013-11-26	public	fastq,sra	s3,gs,ncbi	ncbi.public,gs.US,s3.us-east-1	1972-05-14	ENVO:00002003	UBERON:0000059	ENVO:00002003	SRX5831028	USA	North America	USA: Stanford\, California	175.4	stool	obese	Homo sapiens	Illumina MiSeq		G1	37.4241 N 122.1661 W	G1_68	PAIRED	PCR	METAGENOMIC	GTGCCAGCMGCCGCGGTAA	human metagenome	ILLUMINA	2020-03-06T00:00:00Z	freezer	-80C	G1_68	68	SRP198412	1126	10 Week	68.5	64.2	64.0	70.9	Blue	female	
sample-47	SRR9054991	AMPLICON	251	TCCCAGAACAAC	32307967	PRJNA542910	SAMN11645023	MIMARKS.survey,MIGS/MIMS/MIMARKS.human-gut	18144496	STANFORD UNIVERSITY	2013-11-30	public	fastq,sra	gs,ncbi,s3	gs.US,s3.us-east-1,ncbi.public	1964-12-27	ENVO:00002003	UBERON:0000059	ENVO:00002003	SRX5831027	USA	North America	USA: Stanford\, California	164.5	stool	obese	Homo sapiens	Illumina MiSeq		G1	37.4241 N 122.1661 W	G1_97	PAIRED	PCR	METAGENOMIC	GTGCCAGCMGCCGCGGTAA	human metagenome	ILLUMINA	2020-03-06T00:00:00Z	freezer	-80C	G1_97	97	SRP198412	1140	10 Week	119.4	121.8	121.0	129.8	Blue	male	
sample-48	SRR9055004	AMPLICON	251	GCACGACAACAC	19944962	PRJNA542910	SAMN11645275	MIMARKS.survey,MIGS/MIMS/MIMARKS.human-gut	12450996	STANFORD UNIVERSITY	2013-09-26	public	fastq,sra	gs,ncbi,s3	ncbi.public,gs.US,s3.us-east-1	1977-12-29	ENVO:00002003	UBERON:0000059	ENVO:00002003	SRX5831014	USA	North America	USA: Stanford\, California	177.4	stool	obese	Homo sapiens	Illumina MiSeq		G3	37.4241 N 122.1661 W	G3_274	PAIRED	PCR	METAGENOMIC	GTGCCAGCMGCCGCGGTAA	human metagenome	ILLUMINA	2020-03-06T00:00:00Z	freezer	-80C	G3_274	274	SRP198412	1167	Baseline	69.7	96.5	95.6	109.1	Blue	male	
sample-49	SRR9055008	AMPLICON	251	CACGCCATAATG	56092476	PRJNA542910	SAMN11645271	MIMARKS.survey,MIGS/MIMS/MIMARKS.human-gut	39107755	STANFORD UNIVERSITY	2013-12-04	public	sra,fastq	gs,s3,ncbi	ncbi.public,gs.US,s3.us-east-1	1963-03-08	ENVO:00002003	UBERON:0000059	ENVO:00002003	SRX5831010	USA	North America	USA: Stanford\, California	163.5	stool	obese	Homo sapiens	Illumina MiSeq		G3	37.4241 N 122.1661 W	G3_225	PAIRED	PCR	METAGENOMIC	GTGCCAGCMGCCGCGGTAA	human metagenome	ILLUMINA	2020-03-06T00:00:00Z	freezer	-80C	G3_225	225	SRP198412	1162	10 Week	74.6	72.6	71.3	83.4	Blue	female	
sample-50	SRR9055009	AMPLICON	251	GACTTGGTATTC	58653178	PRJNA542910	SAMN11645270	MIMARKS.survey,MIGS/MIMS/MIMARKS.human-gut	40748847	STANFORD UNIVERSITY	2013-09-19	public	fastq,sra	ncbi,s3,gs	gs.US,s3.us-east-1,ncbi.public	1963-03-08	ENVO:00002003	UBERON:0000059	ENVO:00002003	SRX5831009	USA	North America	USA: Stanford\, California	163.5	stool	obese	Homo sapiens	Illumina MiSeq		G3	37.4241 N 122.1661 W	G3_222	PAIRED	PCR	METAGENOMIC	GTGCCAGCMGCCGCGGTAA	human metagenome	ILLUMINA	2020-03-06T00:00:00Z	freezer	-80C	G3_222	222	SRP198412	1162	Baseline	74.6	72.6	71.3	83.4	Blue	female	
sample-51	SRR9055012	AMPLICON	251	TGAGCCGGAATC	753	PRJNA542910	SAMN11645277	MIMARKS.survey,MIGS/MIMS/MIMARKS.human-gut	79538	STANFORD UNIVERSITY	2013-12-09	public	fastq,sra	gs,ncbi,s3	ncbi.public,gs.US,s3.us-east-1	1977-12-29	ENVO:00002003	UBERON:0000059	ENVO:00002003	SRX5831006	USA	North America	USA: Stanford\, California	177.4	stool	obese	Homo sapiens	Illumina MiSeq		G3	37.4241 N 122.1661 W	G3_277	PAIRED	PCR	METAGENOMIC	GTGCCAGCMGCCGCGGTAA	human metagenome	ILLUMINA	2020-03-06T00:00:00Z	freezer	-80C	G3_277	277	SRP198412	1167	10 Week	69.7	96.5	95.6	109.1	Blue	male	
sample-52	SRR9055019	AMPLICON	251	GAATCTTCGAGC	38742101	PRJNA542910	SAMN11645114	MIMARKS.survey,MIGS/MIMS/MIMARKS.human-gut	21753513	STANFORD UNIVERSITY	2013-12-04	public	sra,fastq	ncbi,s3,gs	gs.US,s3.us-east-1,ncbi.public	1983-02-19	ENVO:00002003	UBERON:0000059	ENVO:00002003	SRX5830999	USA	North America	USA: Stanford\, California	162.8	stool	obese	Homo sapiens	Illumina MiSeq		G2	37.4241 N 122.1661 W	G2_172	PAIRED	PCR	METAGENOMIC	GTGCCAGCMGCCGCGGTAA	human metagenome	ILLUMINA	2020-03-06T00:00:00Z	freezer	-80C	G2_172	172	SRP198412	1098	10 Week	86.4	85.1	83.4	92.1	Purple	female	
sample-53	SRR9055024	AMPLICON	250	CGATCCGTATTA	79630250	PRJNA542910	SAMN11645433	MIMARKS.survey,MIGS/MIMS/MIMARKS.human-gut	44751200	STANFORD UNIVERSITY	2013-10-03	public	fastq,sra	ncbi,s3,gs	gs.US,s3.us-east-1,ncbi.public	1969-12-30	ENVO:00002003	UBERON:0000059	ENVO:00002003	SRX5831354	USA	North America	USA: Stanford\, California	156.6	stool	obese	Homo sapiens	Illumina MiSeq		G5	37.4241 N 122.1661 W	G5_468	PAIRED	PCR	METAGENOMIC	GTGCCAGCMGCCGCGGTAA	human metagenome	ILLUMINA	2020-03-06T00:00:00Z	freezer	-80C	G5_468	468	SRP198412	1192	Baseline	62.3	65.3	61.0	74.4	Blue	female	
sample-54	SRR9055025	AMPLICON	250	ACGCCACGAATG	250	PRJNA542910	SAMN11645436	MIMARKS.survey,MIGS/MIMS/MIMARKS.human-gut	77474	STANFORD UNIVERSITY	2013-12-14	public	sra,fastq	gs,ncbi,s3	ncbi.public,gs.US,s3.us-east-1	1969-12-30	ENVO:00002003	UBERON:0000059	ENVO:00002003	SRX5831353	USA	North America	USA: Stanford\, California	156.6	stool	obese	Homo sapiens	Illumina MiSeq		G5	37.4241 N 122.1661 W	G5_471	PAIRED	PCR	METAGENOMIC	GTGCCAGCMGCCGCGGTAA	human metagenome	ILLUMINA	2020-03-06T00:00:00Z	freezer	-80C	G5_471	471	SRP198412	1192	10 Week	62.3	65.3	61.0	74.4	Blue	female	
sample-55	SRR9055028	AMPLICON	251	GCACGACAACAC	22208731	PRJNA542910	SAMN11645198	MIMARKS.survey,MIGS/MIMS/MIMARKS.human-gut	13884317	STANFORD UNIVERSITY	2014-01-04	public	fastq,sra	ncbi,s3,gs	gs.US,s3.us-east-1,ncbi.public	1979-03-23	ENVO:00002003	UBERON:0000059	ENVO:00002003	SRX5831350	USA	North America	USA: Stanford\, California	168.4	stool	obese	Homo sapiens	Illumina MiSeq		G2	37.4241 N 122.1661 W	G2_177	PAIRED	PCR	METAGENOMIC	GTGCCAGCMGCCGCGGTAA	human metagenome	ILLUMINA	2020-03-06T00:00:00Z	freezer	-80C	G2_177	177	SRP198412	1165	10 Week	84.5	85.1	84.9	90.3	Purple	female	
sample-56	SRR9055031	AMPLICON	251	ATGTGCACGACT	45915179	PRJNA542910	SAMN11645193	MIMARKS.survey,MIGS/MIMS/MIMARKS.human-gut	25043084	STANFORD UNIVERSITY	2013-12-05	public	fastq,sra	s3,gs,ncbi	ncbi.public,s3.us-east-1,gs.US	1965-03-21	ENVO:00002003	UBERON:0000059	ENVO:00002003	SRX5831347	USA	North America	USA: Stanford\, California	170.0	stool	obese	Homo sapiens	Illumina MiSeq		G2	37.4241 N 122.1661 W	G2_136	PAIRED	PCR	METAGENOMIC	GTGCCAGCMGCCGCGGTAA	human metagenome	ILLUMINA	2020-03-06T00:00:00Z	freezer	-80C	G2_136	136	SRP198412	1159	10 Week	111.7	101.1	99.1	107.0	Purple	female	
sample-57	SRR9055033	AMPLICON	251	GAAGTTGGAAGT	197537	PRJNA542910	SAMN11645195	MIMARKS.survey,MIGS/MIMS/MIMARKS.human-gut	202012	STANFORD UNIVERSITY	2013-09-21	public	fastq,sra	ncbi,s3,gs	gs.US,s3.us-east-1,ncbi.public	1979-03-23	ENVO:00002003	UBERON:0000059	ENVO:00002003	SRX5831345	USA	North America	USA: Stanford\, California	168.4	stool	obese	Homo sapiens	Illumina MiSeq		G2	37.4241 N 122.1661 W	G2_175	PAIRED	PCR	METAGENOMIC	GTGCCAGCMGCCGCGGTAA	human metagenome	ILLUMINA	2020-03-06T00:00:00Z	freezer	-80C	G2_175	175	SRP198412	1165	Baseline	84.5	85.1	84.9	90.3	Purple	female	
sample-58	SRR9055036	AMPLICON	251	GGATGGTGTTGC	68300614	PRJNA542910	SAMN11645190	MIMARKS.survey,MIGS/MIMS/MIMARKS.human-gut	37542142	STANFORD UNIVERSITY	2013-09-20	public	sra,fastq	gs,s3,ncbi	ncbi.public,gs.US,s3.us-east-1	1965-03-21	ENVO:00002003	UBERON:0000059	ENVO:00002003	SRX5831342	USA	North America	USA: Stanford\, California	170.0	stool	obese	Homo sapiens	Illumina MiSeq		G2	37.4241 N 122.1661 W	G2_133	PAIRED	PCR	METAGENOMIC	GTGCCAGCMGCCGCGGTAA	human metagenome	ILLUMINA	2020-03-06T00:00:00Z	freezer	-80C	G2_133	133	SRP198412	1159	Baseline	111.7	101.1	99.1	107.0	Purple	female	
sample-59	SRR9055039	AMPLICON	250	ATCCCGAATTTG	53742000	PRJNA542910	SAMN11645430	MIMARKS.survey,MIGS/MIMS/MIMARKS.human-gut	33986145	STANFORD UNIVERSITY	2013-12-13	public	sra,fastq	s3,gs,ncbi	ncbi.public,gs.US,s3.us-east-1	1973-02-23	ENVO:00002003	UBERON:0000059	ENVO:00002003	SRX5831339	USA	North America	USA: Stanford\, California	162.9	stool	obese	Homo sapiens	Illumina MiSeq		G5	37.4241 N 122.1661 W	G5_450	PAIRED	PCR	METAGENOMIC	GTGCCAGCMGCCGCGGTAA	human metagenome	ILLUMINA	2020-03-06T00:00:00Z	freezer	-80C	G5_450	450	SRP198412	1190	10 Week	97.4	96.5	88.9	106.4	Blue	female	
sample-60	SRR9055056	AMPLICON	251	TCCGACACAATT	30097159	PRJNA542910	SAMN11645140	MIMARKS.survey,MIGS/MIMS/MIMARKS.human-gut	18593339	STANFORD UNIVERSITY	2013-09-21	public	fastq,sra	gs,ncbi,s3	ncbi.public,gs.US,s3.us-east-1	1969-06-19	ENVO:00002003	UBERON:0000059	ENVO:00002003	SRX5831322	USA	North America	USA: Stanford\, California	156.5	stool	obese	Homo sapiens	Illumina MiSeq		G2	37.4241 N 122.1661 W	G2_121	PAIRED	PCR	METAGENOMIC	GTGCCAGCMGCCGCGGTAA	human metagenome	ILLUMINA	2020-03-06T00:00:00Z	freezer	-80C	G2_121	121	SRP198412	1121	Baseline	89.6	87.1	87.0	93.7	Purple	male	
sample-61	SRR9055059	AMPLICON	251	TGAGTCACTGGT	16615196	PRJNA542910	SAMN11645141	MIMARKS.survey,MIGS/MIMS/MIMARKS.human-gut	10096348	STANFORD UNIVERSITY	2013-12-09	public	sra,fastq	gs,ncbi,s3	ncbi.public,gs.US,s3.us-east-1	1969-06-19	ENVO:00002003	UBERON:0000059	ENVO:00002003	SRX5831319	USA	North America	USA: Stanford\, California	156.5	stool	obese	Homo sapiens	Illumina MiSeq		G2	37.4241 N 122.1661 W	G2_124	PAIRED	PCR	METAGENOMIC	GTGCCAGCMGCCGCGGTAA	human metagenome	ILLUMINA	2020-03-06T00:00:00Z	freezer	-80C	G2_124	124	SRP198412	1121	10 Week	89.6	87.1	87.0	93.7	Purple	male	
sample-62	SRR9055076	AMPLICON	251	GTACGTGGGATC	34271289	PRJNA542910	SAMN11645393	MIMARKS.survey,MIGS/MIMS/MIMARKS.human-gut	19242885	STANFORD UNIVERSITY	2013-10-08	public	fastq,sra	ncbi,gs,s3	ncbi.public,gs.US,s3.us-east-1	1963-04-13	ENVO:00002003	UBERON:0000059	ENVO:00002003	SRX5831302	USA	North America	USA: Stanford\, California	181.4	stool	obese	Homo sapiens	Illumina MiSeq		G4	37.4241 N 122.1661 W	G4_400	PAIRED	PCR	METAGENOMIC	GTGCCAGCMGCCGCGGTAA	human metagenome	ILLUMINA	2020-03-06T00:00:00Z	freezer	-80C	G4_400	400	SRP198412	1209	Baseline	70.7	79.9	75.8	92.7	Purple	male	
sample-63	SRR9055077	AMPLICON	250	GGATGGTGTTGC	11500	PRJNA542910	SAMN11645394	MIMARKS.survey,MIGS/MIMS/MIMARKS.human-gut	85684	STANFORD UNIVERSITY	2013-12-29	public	sra,fastq	ncbi,s3,gs	gs.US,s3.us-east-1,ncbi.public	1965-09-26	ENVO:00002003	UBERON:0000059	ENVO:00002003	SRX5831301	USA	North America	USA: Stanford\, California	183.6	stool	obese	Homo sapiens	Illumina MiSeq		G5	37.4241 N 122.1661 W	G5_444	PAIRED	PCR	METAGENOMIC	GTGCCAGCMGCCGCGGTAA	human metagenome	ILLUMINA	2020-03-06T00:00:00Z	freezer	-80C	G5_444	444	SRP198412	1124	10 Week	96.0	99.0	95.7	102.1	Blue	female	
sample-64	SRR9055079	AMPLICON	251	GTCATATCGTAC	27092187	PRJNA542910	SAMN11645179	MIMARKS.survey,MIGS/MIMS/MIMARKS.human-gut	16929168	STANFORD UNIVERSITY	2013-12-12	public	fastq,sra	gs,s3,ncbi	ncbi.public,gs.US,s3.us-east-1	1990-07-14	ENVO:00002003	UBERON:0000059	ENVO:00002003	SRX5831299	USA	North America	USA: Stanford\, California	173.6	stool	obese	Homo sapiens	Illumina MiSeq		G2	37.4241 N 122.1661 W	G2_188	PAIRED	PCR	METAGENOMIC	GTGCCAGCMGCCGCGGTAA	human metagenome	ILLUMINA	2020-03-06T00:00:00Z	freezer	-80C	G2_188	188	SRP198412	1151	10 Week	80.8	83.1	80.0	100.5	Purple	male	
sample-65	SRR9055082	AMPLICON	251	AGTAGAGGGATG	35175140	PRJNA542910	SAMN11645187	MIMARKS.survey,MIGS/MIMS/MIMARKS.human-gut	22698073	STANFORD UNIVERSITY	2013-12-05	public	fastq,sra	ncbi,s3,gs	gs.US,s3.us-east-1,ncbi.public	1966-09-15	ENVO:00002003	UBERON:0000059	ENVO:00002003	SRX5831296	USA	North America	USA: Stanford\, California	171.7	stool	obese	Homo sapiens	Illumina MiSeq		G2	37.4241 N 122.1661 W	G2_166	PAIRED	PCR	METAGENOMIC	GTGCCAGCMGCCGCGGTAA	human metagenome	ILLUMINA	2020-03-06T00:00:00Z	freezer	-80C	G2_166	166	SRP198412	1155	10 Week	97.1	92.7	94.3	96.3	Purple	male	
sample-66	SRR9055089	AMPLICON	251	CAGCGGTGACAT	46584596	PRJNA542910	SAMN11645296	MIMARKS.survey,MIGS/MIMS/MIMARKS.human-gut	29107868	STANFORD UNIVERSITY	2013-09-24	public	sra,fastq	ncbi,s3,gs	gs.US,s3.us-east-1,ncbi.public	1969-02-17	ENVO:00002003	UBERON:0000059	ENVO:00002003	SRX5831289	USA	North America	USA: Stanford\, California	179.5	stool	obese	Homo sapiens	Illumina MiSeq		G3	37.4241 N 122.1661 W	G3_297	PAIRED	PCR	METAGENOMIC	GTGCCAGCMGCCGCGGTAA	human metagenome	ILLUMINA	2020-03-06T00:00:00Z	freezer	-80C	G3_297	297	SRP198412	1194	Baseline	86.7	87.2	80.2	102.5	Blue	male	
sample-67	SRR9055105	AMPLICON	251	AGGCTACACGAC	42763874	PRJNA542910	SAMN11645318	MIMARKS.survey,MIGS/MIMS/MIMARKS.human-gut	24678069	STANFORD UNIVERSITY	2013-09-26	public	sra,fastq	s3,gs,ncbi	ncbi.public,gs.US,s3.us-east-1	1984-01-23	ENVO:00002003	UBERON:0000059	ENVO:00002003	SRX5831273	USA	North America	USA: Stanford\, California	164.1	stool	obese	Homo sapiens	Illumina MiSeq		G4	37.4241 N 122.1661 W	G4_309	PAIRED	PCR	METAGENOMIC	GTGCCAGCMGCCGCGGTAA	human metagenome	ILLUMINA	2020-03-06T00:00:00Z	freezer	-80C	G4_309	309	SRP198412	1150	Baseline	78.5	73.1	74.6	75.8	Blue	female	
sample-68	SRR9055106	AMPLICON	251	GAACCAAAGGAT	36820947	PRJNA542910	SAMN11645317	MIMARKS.survey,MIGS/MIMS/MIMARKS.human-gut	20599010	STANFORD UNIVERSITY	2013-12-09	public	fastq,sra	gs,ncbi,s3	ncbi.public,gs.US,s3.us-east-1	1984-01-23	ENVO:00002003	UBERON:0000059	ENVO:00002003	SRX5831272	USA	North America	USA: Stanford\, California	164.1	stool	obese	Homo sapiens	Illumina MiSeq		G4	37.4241 N 122.1661 W	G4_311	PAIRED	PCR	METAGENOMIC	GTGCCAGCMGCCGCGGTAA	human metagenome	ILLUMINA	2020-03-06T00:00:00Z	freezer	-80C	G4_311	311	SRP198412	1150	10 Week	78.5	73.1	74.6	75.8	Blue	female	
sample-69	SRR9055110	AMPLICON	251	ATCCCGAATTTG	33038126	PRJNA542910	SAMN11645156	MIMARKS.survey,MIGS/MIMS/MIMARKS.human-gut	21210149	STANFORD UNIVERSITY	2013-09-23	public	sra,fastq	ncbi,gs,s3	ncbi.public,gs.US,s3.us-east-1	1983-09-07	ENVO:00002003	UBERON:0000059	ENVO:00002003	SRX5831268	USA	North America	USA: Stanford\, California	185.6	stool	obese	Homo sapiens	Illumina MiSeq		G2	37.4241 N 122.1661 W	G2_139	PAIRED	PCR	METAGENOMIC	GTGCCAGCMGCCGCGGTAA	human metagenome	ILLUMINA	2020-03-06T00:00:00Z	freezer	-80C	G2_139	139	SRP198412	1139	Baseline	102.1	96.4	97.6	101.1	Purple	male	
sample-70	SRR9055116	AMPLICON	251	AATGCCTCAACT	58036471	PRJNA542910	SAMN11645315	MIMARKS.survey,MIGS/MIMS/MIMARKS.human-gut	33371063	STANFORD UNIVERSITY	2013-09-27	public	fastq,sra	gs,s3,ncbi	ncbi.public,gs.US,s3.us-east-1	1963-03-23	ENVO:00002003	UBERON:0000059	ENVO:00002003	SRX5831262	USA	North America	USA: Stanford\, California	190.7	stool	obese	Homo sapiens	Illumina MiSeq		G4	37.4241 N 122.1661 W	G4_362	PAIRED	PCR	METAGENOMIC	GTGCCAGCMGCCGCGGTAA	human metagenome	ILLUMINA	2020-03-06T00:00:00Z	freezer	-80C	G4_362	362	SRP198412	1133	Baseline	70.3	71.6	71.4	79.2	Purple	female	
sample-71	SRR9055117	AMPLICON	251	ATGAGACTCCAC	33294648	PRJNA542910	SAMN11645314	MIMARKS.survey,MIGS/MIMS/MIMARKS.human-gut	18821356	STANFORD UNIVERSITY	2013-12-10	public	fastq,sra	ncbi,s3,gs	gs.US,s3.us-east-1,ncbi.public	1963-03-23	ENVO:00002003	UBERON:0000059	ENVO:00002003	SRX5831261	USA	North America	USA: Stanford\, California	190.7	stool	obese	Homo sapiens	Illumina MiSeq		G4	37.4241 N 122.1661 W	G4_365	PAIRED	PCR	METAGENOMIC	GTGCCAGCMGCCGCGGTAA	human metagenome	ILLUMINA	2020-03-06T00:00:00Z	freezer	-80C	G4_365	365	SRP198412	1133	10 Week	70.3	71.6	71.4	79.2	Purple	female	
sample-72	SRR9055121	AMPLICON	251	GAAGTTGGAAGT	29342402	PRJNA542910	SAMN11644988	MIMARKS.survey,MIGS/MIMS/MIMARKS.human-gut	15790660	STANFORD UNIVERSITY	2013-09-15	public	sra,fastq	gs,ncbi,s3	ncbi.public,gs.US,s3.us-east-1	1972-05-14	ENVO:00002003	UBERON:0000059	ENVO:00002003	SRX5831257	USA	North America	USA: Stanford\, California	175.4	stool	obese	Homo sapiens	Illumina MiSeq		G1	37.4241 N 122.1661 W	G1_65	PAIRED	PCR	METAGENOMIC	GTGCCAGCMGCCGCGGTAA	human metagenome	ILLUMINA	2020-03-06T00:00:00Z	freezer	-80C	G1_65	65	SRP198412	1126	Baseline	68.5	64.2	64.0	70.9	Blue	female	
sample-73	SRR9055122	AMPLICON	251	CAGGCGTATTGG	30377526	PRJNA542910	SAMN11644985	MIMARKS.survey,MIGS/MIMS/MIMARKS.human-gut	16889867	STANFORD UNIVERSITY	2013-09-15	public	fastq,sra	ncbi,s3,gs	gs.US,s3.us-east-1,ncbi.public	1980-10-09	ENVO:00002003	UBERON:0000059	ENVO:00002003	SRX5831256	USA	North America	USA: Stanford\, California	174.6	stool	obese	Homo sapiens	Illumina MiSeq		G1	37.4241 N 122.1661 W	G1_19	PAIRED	PCR	METAGENOMIC	GTGCCAGCMGCCGCGGTAA	human metagenome	ILLUMINA	2020-03-06T00:00:00Z	freezer	-80C	G1_19	19	SRP198412	1122	Baseline	90.0	91.2	89.9	99.8	Purple	female	
sample-74	SRR9055123	AMPLICON	251	GCTGATGAGCTG	35668355	PRJNA542910	SAMN11644986	MIMARKS.survey,MIGS/MIMS/MIMARKS.human-gut	19623990	STANFORD UNIVERSITY	2013-11-20	public	fastq,sra	ncbi,gs,s3	s3.us-east-1,gs.US,ncbi.public	1980-10-09	ENVO:00002003	UBERON:0000059	ENVO:00002003	SRX5831255	USA	North America	USA: Stanford\, California	174.6	stool	obese	Homo sapiens	Illumina MiSeq		G1	37.4241 N 122.1661 W	G1_21	PAIRED	PCR	METAGENOMIC	GTGCCAGCMGCCGCGGTAA	human metagenome	ILLUMINA	2020-03-06T00:00:00Z	freezer	-80C	G1_21	21	SRP198412	1122	10 Week	90.0	91.2	89.9	99.8	Purple	female	
sample-75	SRR9055128	AMPLICON	251	AGATGTTCTGCT	15708082	PRJNA542910	SAMN11645175	MIMARKS.survey,MIGS/MIMS/MIMARKS.human-gut	8490576	STANFORD UNIVERSITY	2013-09-23	public	fastq,sra	gs,ncbi,s3	gs.US,s3.us-east-1,ncbi.public	1971-06-24	ENVO:00002003	UBERON:0000059	ENVO:00002003	SRX5831610	USA	North America	USA: Stanford\, California	181.4	stool	obese	Homo sapiens	Illumina MiSeq		G2	37.4241 N 122.1661 W	G2_202	PAIRED	PCR	METAGENOMIC	GTGCCAGCMGCCGCGGTAA	human metagenome	ILLUMINA	2020-03-06T00:00:00Z	freezer	-80C	G2_202	202	SRP198412	1148	Baseline	59.1	67.4	63.8	75.5	Blue	female	
sample-76	SRR9055134	AMPLICON	251	CGGAGCTATGGT	8461963	PRJNA542910	SAMN11645169	MIMARKS.survey,MIGS/MIMS/MIMARKS.human-gut	5405090	STANFORD UNIVERSITY	2013-12-03	public	fastq,sra	ncbi,s3,gs	gs.US,s3.us-east-1,ncbi.public	1964-10-18	ENVO:00002003	UBERON:0000059	ENVO:00002003	SRX5831604	USA	North America	USA: Stanford\, California	177.1	stool	obese	Homo sapiens	Illumina MiSeq		G2	37.4241 N 122.1661 W	G2_148	PAIRED	PCR	METAGENOMIC	GTGCCAGCMGCCGCGGTAA	human metagenome	ILLUMINA	2020-03-06T00:00:00Z	freezer	-80C	G2_148	148	SRP198412	1147	10 Week	96.1	97.1	91.5	115.5	Purple	male	
sample-77	SRR9055135	AMPLICON	251	TTAGGGCTCGTA	24821892	PRJNA542910	SAMN11645170	MIMARKS.survey,MIGS/MIMS/MIMARKS.human-gut	13379385	STANFORD UNIVERSITY	2013-09-22	public	fastq,sra	gs,s3,ncbi	ncbi.public,gs.US,s3.us-east-1	1964-10-18	ENVO:00002003	UBERON:0000059	ENVO:00002003	SRX5831603	USA	North America	USA: Stanford\, California	177.1	stool	obese	Homo sapiens	Illumina MiSeq		G2	37.4241 N 122.1661 W	G2_145	PAIRED	PCR	METAGENOMIC	GTGCCAGCMGCCGCGGTAA	human metagenome	ILLUMINA	2020-03-06T00:00:00Z	freezer	-80C	G2_145	145	SRP198412	1147	Baseline	96.1	97.1	91.5	115.5	Purple	male	
sample-78	SRR9055137	AMPLICON	251	CCTGAACTAGTT	22911029	PRJNA542910	SAMN11645178	MIMARKS.survey,MIGS/MIMS/MIMARKS.human-gut	14610804	STANFORD UNIVERSITY	2013-09-22	public	fastq,sra	gs,ncbi,s3	ncbi.public,gs.US,s3.us-east-1	1990-07-14	ENVO:00002003	UBERON:0000059	ENVO:00002003	SRX5831601	USA	North America	USA: Stanford\, California	173.6	stool	obese	Homo sapiens	Illumina MiSeq		G2	37.4241 N 122.1661 W	G2_185	PAIRED	PCR	METAGENOMIC	GTGCCAGCMGCCGCGGTAA	human metagenome	ILLUMINA	2020-03-06T00:00:00Z	freezer	-80C	G2_185	185	SRP198412	1151	Baseline	80.8	83.1	80.0	100.5	Purple	male	
sample-79	SRR9055143	AMPLICON	251	GCGGCAATTACG	36448965	PRJNA542910	SAMN11645004	MIMARKS.survey,MIGS/MIMS/MIMARKS.human-gut	19999105	STANFORD UNIVERSITY	2013-09-14	public	sra,fastq	ncbi,gs,s3	ncbi.public,gs.US,s3.us-east-1	1963-01-28	ENVO:00002003	UBERON:0000059	ENVO:00002003	SRX5831595	USA	North America	USA: Stanford\, California	150.5	stool	obese	Homo sapiens	Illumina MiSeq		G1	37.4241 N 122.1661 W	G1_82	PAIRED	PCR	METAGENOMIC	GTGCCAGCMGCCGCGGTAA	human metagenome	ILLUMINA	2020-03-06T00:00:00Z	freezer	-80C	G1_82	82	SRP198412	1129	Baseline	104.8	100.9	102.6	105.3	Blue	female	
sample-80	SRR9055144	AMPLICON	251	CAAGCATGCCTA	1960059	PRJNA542910	SAMN11645005	MIMARKS.survey,MIGS/MIMS/MIMARKS.human-gut	1261083	STANFORD UNIVERSITY	2013-11-01	public	sra,fastq	ncbi,s3,gs	gs.US,s3.us-east-1,ncbi.public	1963-01-28	ENVO:00002003	UBERON:0000059	ENVO:00002003	SRX5831594	USA	North America	USA: Stanford\, California	150.5	stool	obese	Homo sapiens	Illumina MiSeq		G1	37.4241 N 122.1661 W	G1_85	PAIRED	PCR	METAGENOMIC	GTGCCAGCMGCCGCGGTAA	human metagenome	ILLUMINA	2020-03-06T00:00:00Z	freezer	-80C	G1_85	85	SRP198412	1129	10 Week	104.8	100.9	102.6	105.3	Blue	female	
sample-81	SRR9055160	AMPLICON	250	AAGAGATGTCGA	7500	PRJNA542910	SAMN11645413	MIMARKS.survey,MIGS/MIMS/MIMARKS.human-gut	83258	STANFORD UNIVERSITY	2013-10-07	public	fastq,sra	s3,gs,ncbi	ncbi.public,gs.US,s3.us-east-1	1979-06-21	ENVO:00002003	UBERON:0000059	ENVO:00002003	SRX5831578	USA	North America	USA: Stanford\, California	154.4	stool	obese	Homo sapiens	Illumina MiSeq		G5	37.4241 N 122.1661 W	G5_460	PAIRED	PCR	METAGENOMIC	GTGCCAGCMGCCGCGGTAA	human metagenome	ILLUMINA	2020-03-06T00:00:00Z	freezer	-80C	G5_460	460	SRP198412	1183	Baseline	65.8	67.4	63.7	76.0	Blue	female	
sample-82	SRR9055162	AMPLICON	250	TACAGATGGCTC	65871000	PRJNA542910	SAMN11645415	MIMARKS.survey,MIGS/MIMS/MIMARKS.human-gut	35837536	STANFORD UNIVERSITY	2013-12-14	public	fastq,sra	ncbi,gs,s3	ncbi.public,gs.US,s3.us-east-1	1979-06-21	ENVO:00002003	UBERON:0000059	ENVO:00002003	SRX5831576	USA	North America	USA: Stanford\, California	154.4	stool	obese	Homo sapiens	Illumina MiSeq		G5	37.4241 N 122.1661 W	G5_462	PAIRED	PCR	METAGENOMIC	GTGCCAGCMGCCGCGGTAA	human metagenome	ILLUMINA	2020-03-06T00:00:00Z	freezer	-80C	G5_462	462	SRP198412	1183	10 Week	65.8	67.4	63.7	76.0	Blue	female	
sample-83	SRR9055165	AMPLICON	250	AATGCCTCAACT	1000	PRJNA542910	SAMN11645410	MIMARKS.survey,MIGS/MIMS/MIMARKS.human-gut	79633	STANFORD UNIVERSITY	2014-01-22	public	fastq,sra	s3,gs,ncbi	ncbi.public,gs.US,s3.us-east-1	1982-10-06	ENVO:00002003	UBERON:0000059	ENVO:00002003	SRX5831573	USA	North America	USA: Stanford\, California	185.1	stool	obese	Homo sapiens	Illumina MiSeq		G5	37.4241 N 122.1661 W	G5_482	PAIRED	PCR	METAGENOMIC	GTGCCAGCMGCCGCGGTAA	human metagenome	ILLUMINA	2020-03-06T00:00:00Z	freezer	-80C	G5_482	482	SRP198412	1180	10 Week	106.1	105.4	106.1	118.8	Blue	male	
sample-84	SRR9055172	AMPLICON	250	ACACCTGGTGAT	59012250	PRJNA542910	SAMN11645417	MIMARKS.survey,MIGS/MIMS/MIMARKS.human-gut	33062856	STANFORD UNIVERSITY	2013-09-27	public	fastq,sra	gs,ncbi,s3	ncbi.public,gs.US,s3.us-east-1	1970-12-18	ENVO:00002003	UBERON:0000059	ENVO:00002003	SRX5831566	USA	North America	USA: Stanford\, California	183.6	stool	obese	Homo sapiens	Illumina MiSeq		G5	37.4241 N 122.1661 W	G5_412	PAIRED	PCR	METAGENOMIC	GTGCCAGCMGCCGCGGTAA	human metagenome	ILLUMINA	2020-03-06T00:00:00Z	freezer	-80C	G5_412	412	SRP198412	1184	Baseline	112.2	111.9	112.3	112.2	Purple	male	
sample-85	SRR9055193	AMPLICON	251	TCCAAAGTGTTC	24348506	PRJNA542910	SAMN11644964	MIMARKS.survey,MIGS/MIMS/MIMARKS.human-gut	13383833	STANFORD UNIVERSITY	2013-11-27	public	sra,fastq	gs,ncbi,s3	ncbi.public,gs.US,s3.us-east-1	1964-08-07	ENVO:00002003	UBERON:0000059	ENVO:00002003	SRX5831545	USA	North America	USA: Stanford\, California	177.4	stool	obese	Homo sapiens	Illumina MiSeq		G1	37.4241 N 122.1661 W	G1_40	PAIRED	PCR	METAGENOMIC	GTGCCAGCMGCCGCGGTAA	human metagenome	ILLUMINA	2020-03-06T00:00:00Z	freezer	-80C	G1_40	40	SRP198412	1107	10 Week	76.5	89.4	82.4	97.7	Purple	male	
sample-86	SRR9055194	AMPLICON	251	GAGGAATAGCAG	43941315	PRJNA542910	SAMN11644965	MIMARKS.survey,MIGS/MIMS/MIMARKS.human-gut	24453322	STANFORD UNIVERSITY	2013-09-14	public	fastq,sra	gs,ncbi,s3	ncbi.public,gs.US,s3.us-east-1	1969-01-15	ENVO:00002003	UBERON:0000059	ENVO:00002003	SRX5831544	USA	North America	USA: Stanford\, California	169.2	stool	obese	Homo sapiens	Illumina MiSeq		G1	37.4241 N 122.1661 W	G1_100	PAIRED	PCR	METAGENOMIC	GTGCCAGCMGCCGCGGTAA	human metagenome	ILLUMINA	2020-03-06T00:00:00Z	freezer	-80C	G1_100	100	SRP198412	1110	Baseline	74.8	73.1	73.3	76.1	Blue	female	
sample-87	SRR9055196	AMPLICON	251	TCTAGCGTAGTG	18753716	PRJNA542910	SAMN11644959	MIMARKS.survey,MIGS/MIMS/MIMARKS.human-gut	10441986	STANFORD UNIVERSITY	2013-09-13	public	fastq,sra	s3,ncbi,gs	gs.US,ncbi.public,s3.us-east-1	1964-08-07	ENVO:00002003	UBERON:0000059	ENVO:00002003	SRX5831542	USA	North America	USA: Stanford\, California	177.4	stool	obese	Homo sapiens	Illumina MiSeq		G1	37.4241 N 122.1661 W	G1_36	PAIRED	PCR	METAGENOMIC	GTGCCAGCMGCCGCGGTAA	human metagenome	ILLUMINA	2020-03-06T00:00:00Z	freezer	-80C	G1_36	36	SRP198412	1107	Baseline	76.5	89.4	82.4	97.7	Purple	male	
sample-88	SRR9055197	AMPLICON	251	AAGAGATGTCGA	59280678	PRJNA542910	SAMN11644960	MIMARKS.survey,MIGS/MIMS/MIMARKS.human-gut	36269460	STANFORD UNIVERSITY	2013-11-27	public	fastq,sra	s3,ncbi,gs	gs.US,s3.us-east-1,ncbi.public	1964-08-07	ENVO:00002003	UBERON:0000059	ENVO:00002003	SRX5831541	USA	North America	USA: Stanford\, California	177.4	stool	obese	Homo sapiens	Illumina MiSeq		G1	37.4241 N 122.1661 W	G1_39	PAIRED	PCR	METAGENOMIC	GTGCCAGCMGCCGCGGTAA	human metagenome	ILLUMINA	2020-03-06T00:00:00Z	freezer	-80C	G1_39	39	SRP198412	1107	10 Week	76.5	89.4	82.4	97.7	Purple	male	
sample-89	SRR9055206	AMPLICON	251	TAGCTCGTAACT	3514	PRJNA542910	SAMN11645263	MIMARKS.survey,MIGS/MIMS/MIMARKS.human-gut	82617	STANFORD UNIVERSITY	2013-09-21	public	fastq,sra	gs,s3,ncbi	ncbi.public,s3.us-east-1,gs.US	1974-06-13	ENVO:00002003	UBERON:0000059	ENVO:00002003	SRX5831532	USA	North America	USA: Stanford\, California	170.6	stool	obese	Homo sapiens	Illumina MiSeq		G3	37.4241 N 122.1661 W	G3_238	PAIRED	PCR	METAGENOMIC	GTGCCAGCMGCCGCGGTAA	human metagenome	ILLUMINA	2020-03-06T00:00:00Z	freezer	-80C	G3_238	238	SRP198412	1157	Baseline	82.6	81.8	83.1	88.1	Blue	female	
sample-90	SRR9055209	AMPLICON	251	CTGCTAACGCAA	4267	PRJNA542910	SAMN11645262	MIMARKS.survey,MIGS/MIMS/MIMARKS.human-gut	82638	STANFORD UNIVERSITY	2013-11-26	public	sra,fastq	gs,ncbi,s3	ncbi.public,gs.US,s3.us-east-1	1974-06-13	ENVO:00002003	UBERON:0000059	ENVO:00002003	SRX5831529	USA	North America	USA: Stanford\, California	170.6	stool	obese	Homo sapiens	Illumina MiSeq		G3	37.4241 N 122.1661 W	G3_241	PAIRED	PCR	METAGENOMIC	GTGCCAGCMGCCGCGGTAA	human metagenome	ILLUMINA	2020-03-06T00:00:00Z	freezer	-80C	G3_241	241	SRP198412	1157	10 Week	82.6	81.8	83.1	88.1	Blue	female	
sample-91	SRR9055218	AMPLICON	250	CTAGCGAACATC	42785250	PRJNA542910	SAMN11645444	MIMARKS.survey,MIGS/MIMS/MIMARKS.human-gut	26966452	STANFORD UNIVERSITY	2013-10-05	public	sra,fastq	ncbi,s3,gs	gs.US,s3.us-east-1,ncbi.public	1968-07-28	ENVO:00002003	UBERON:0000059	ENVO:00002003	SRX5831520	USA	North America	USA: Stanford\, California	170.0	stool	obese	Homo sapiens	Illumina MiSeq		G5	37.4241 N 122.1661 W	G5_474	PAIRED	PCR	METAGENOMIC	GTGCCAGCMGCCGCGGTAA	human metagenome	ILLUMINA	2020-03-06T00:00:00Z	freezer	-80C	G5_474	474	SRP198412	1202	Baseline	88.2	83.1	84.0	90.2	Blue	female	
sample-92	SRR9055219	AMPLICON	250	GGAGACAAGGGA	82607250	PRJNA542910	SAMN11645441	MIMARKS.survey,MIGS/MIMS/MIMARKS.human-gut	45333244	STANFORD UNIVERSITY	2013-12-15	public	fastq,sra	ncbi,s3,gs	gs.US,s3.us-east-1,ncbi.public	1978-05-29	ENVO:00002003	UBERON:0000059	ENVO:00002003	SRX5831519	USA	North America	USA: Stanford\, California	164.5	stool	obese	Homo sapiens	Illumina MiSeq		G5	37.4241 N 122.1661 W	G5_409	PAIRED	PCR	METAGENOMIC	GTGCCAGCMGCCGCGGTAA	human metagenome	ILLUMINA	2020-03-06T00:00:00Z	freezer	-80C	G5_409	409	SRP198412	1200	10 Week	95.6	83.4	82.5	89.0	Purple	female	
sample-93	SRR9055221	AMPLICON	250	CAGTGCATATGC	31116500	PRJNA542910	SAMN11645439	MIMARKS.survey,MIGS/MIMS/MIMARKS.human-gut	17771374	STANFORD UNIVERSITY	2013-10-06	public	sra,fastq	ncbi,s3,gs	gs.US,s3.us-east-1,ncbi.public	1978-05-29	ENVO:00002003	UBERON:0000059	ENVO:00002003	SRX5831517	USA	North America	USA: Stanford\, California	164.5	stool	obese	Homo sapiens	Illumina MiSeq		G5	37.4241 N 122.1661 W	G5_407	PAIRED	PCR	METAGENOMIC	GTGCCAGCMGCCGCGGTAA	human metagenome	ILLUMINA	2020-03-06T00:00:00Z	freezer	-80C	G5_407	407	SRP198412	1200	Baseline	95.6	83.4	82.5	89.0	Purple	female	
sample-94	SRR9055224	AMPLICON	250	GAGGCTCATCAT	47415000	PRJNA542910	SAMN11645447	MIMARKS.survey,MIGS/MIMS/MIMARKS.human-gut	25607705	STANFORD UNIVERSITY	2013-12-16	public	fastq,sra	gs,s3,ncbi	ncbi.public,gs.US,s3.us-east-1	1968-07-28	ENVO:00002003	UBERON:0000059	ENVO:00002003	SRX5831514	USA	North America	USA: Stanford\, California	170.0	stool	obese	Homo sapiens	Illumina MiSeq		G5	37.4241 N 122.1661 W	G5_477	PAIRED	PCR	METAGENOMIC	GTGCCAGCMGCCGCGGTAA	human metagenome	ILLUMINA	2020-03-06T00:00:00Z	freezer	-80C	G5_477	477	SRP198412	1202	10 Week	88.2	83.1	84.0	90.2	Blue	female	
sample-95	SRR9055230	AMPLICON	251	ACGTGTACCCAA	39015189	PRJNA542910	SAMN11645012	MIMARKS.survey,MIGS/MIMS/MIMARKS.human-gut	23872100	STANFORD UNIVERSITY	2013-09-16	public	fastq,sra	s3,gs,ncbi	ncbi.public,gs.US,s3.us-east-1	1974-05-04	ENVO:00002003	UBERON:0000059	ENVO:00002003	SRX5831508	USA	North America	USA: Stanford\, California	169.4	stool	obese	Homo sapiens	Illumina MiSeq		G1	37.4241 N 122.1661 W	G1_42	PAIRED	PCR	METAGENOMIC	GTGCCAGCMGCCGCGGTAA	human metagenome	ILLUMINA	2020-03-06T00:00:00Z	freezer	-80C	G1_42	42	SRP198412	1137	Baseline	64.9	63.8	63.5	68.1	Purple	female	
sample-96	SRR9055235	AMPLICON	251	GTCTAATTCCGA	32565744	PRJNA542910	SAMN11645015	MIMARKS.survey,MIGS/MIMS/MIMARKS.human-gut	19859305	STANFORD UNIVERSITY	2013-12-01	public	fastq,sra	ncbi,s3,gs	gs.US,s3.us-east-1,ncbi.public	1974-05-04	ENVO:00002003	UBERON:0000059	ENVO:00002003	SRX5831503	USA	North America	USA: Stanford\, California	169.4	stool	obese	Homo sapiens	Illumina MiSeq		G1	37.4241 N 122.1661 W	G1_45	PAIRED	PCR	METAGENOMIC	GTGCCAGCMGCCGCGGTAA	human metagenome	ILLUMINA	2020-03-06T00:00:00Z	freezer	-80C	G1_45	45	SRP198412	1137	10 Week	64.9	63.8	63.5	68.1	Purple	female	
sample-97	SRR9055240	AMPLICON	251	GAGGAATAGCAG	29643351	PRJNA542910	SAMN11645129	MIMARKS.survey,MIGS/MIMS/MIMARKS.human-gut	18837349	STANFORD UNIVERSITY	2013-12-03	public	sra,fastq	gs,ncbi,s3	ncbi.public,gs.US,s3.us-east-1	1976-07-15	ENVO:00002003	UBERON:0000059	ENVO:00002003	SRX5831498	USA	North America	USA: Stanford\, California	175.1	stool	obese	Homo sapiens	Illumina MiSeq		G2	37.4241 N 122.1661 W	G2_199	PAIRED	PCR	METAGENOMIC	GTGCCAGCMGCCGCGGTAA	human metagenome	ILLUMINA	2020-03-06T00:00:00Z	freezer	-80C	G2_199	199	SRP198412	1114	10 Week	78.9	78.5	74.8	85.9	Purple	female	
sample-98	SRR9055241	AMPLICON	251	AGCTGGAAGTCC	40894928	PRJNA542910	SAMN11645130	MIMARKS.survey,MIGS/MIMS/MIMARKS.human-gut	21949253	STANFORD UNIVERSITY	2013-09-23	public	sra,fastq	gs,ncbi,s3	ncbi.public,s3.us-east-1,gs.US	1976-07-15	ENVO:00002003	UBERON:0000059	ENVO:00002003	SRX5831497	USA	North America	USA: Stanford\, California	175.1	stool	obese	Homo sapiens	Illumina MiSeq		G2	37.4241 N 122.1661 W	G2_197	PAIRED	PCR	METAGENOMIC	GTGCCAGCMGCCGCGGTAA	human metagenome	ILLUMINA	2020-03-06T00:00:00Z	freezer	-80C	G2_197	197	SRP198412	1114	Baseline	78.9	78.5	74.8	85.9	Purple	female	
sample-99	SRR9055246	AMPLICON	251	CAGTGCATATGC	28466663	PRJNA542910	SAMN11645151	MIMARKS.survey,MIGS/MIMS/MIMARKS.human-gut	18607575	STANFORD UNIVERSITY	2014-01-23	public	fastq,sra	gs,s3,ncbi	ncbi.public,s3.us-east-1,gs.US	1983-09-07	ENVO:00002003	UBERON:0000059	ENVO:00002003	SRX5831492	USA	North America	USA: Stanford\, California	185.6	stool	obese	Homo sapiens	Illumina MiSeq		G2	37.4241 N 122.1661 W	G2_142	PAIRED	PCR	METAGENOMIC	GTGCCAGCMGCCGCGGTAA	human metagenome	ILLUMINA	2020-03-06T00:00:00Z	freezer	-80C	G2_142	142	SRP198412	1139	10 Week	102.1	96.4	97.6	101.1	Purple	male	
sample-100	SRR9055249	AMPLICON	251	AGATGTTCTGCT	26784210	PRJNA542910	SAMN11645388	MIMARKS.survey,MIGS/MIMS/MIMARKS.human-gut	14999713	STANFORD UNIVERSITY	2013-12-19	public	sra,fastq	gs,ncbi,s3	ncbi.public,gs.US,s3.us-east-1	1975-06-23	ENVO:00002003	UBERON:0000059	ENVO:00002003	SRX5831489	USA	North America	USA: Stanford\, California	165.5	stool	obese	Homo sapiens	Illumina MiSeq		G4	37.4241 N 122.1661 W	G4_397	PAIRED	PCR	METAGENOMIC	GTGCCAGCMGCCGCGGTAA	human metagenome	ILLUMINA	2020-03-06T00:00:00Z	freezer	-80C	G4_397	397	SRP198412	1207	10 Week	78.7	82.6	78.7	83.0	Purple	male	
sample-101	SRR9055250	AMPLICON	251	GAGGAATAGCAG	35345820	PRJNA542910	SAMN11645387	MIMARKS.survey,MIGS/MIMS/MIMARKS.human-gut	20027433	STANFORD UNIVERSITY	2013-10-05	public	fastq,sra	s3,gs,ncbi	ncbi.public,s3.us-east-1,gs.US	1975-06-23	ENVO:00002003	UBERON:0000059	ENVO:00002003	SRX5831488	USA	North America	USA: Stanford\, California	165.5	stool	obese	Homo sapiens	Illumina MiSeq		G4	37.4241 N 122.1661 W	G4_394	PAIRED	PCR	METAGENOMIC	GTGCCAGCMGCCGCGGTAA	human metagenome	ILLUMINA	2020-03-06T00:00:00Z	freezer	-80C	G4_394	394	SRP198412	1207	Baseline	78.7	82.6	78.7	83.0	Purple	male	
sample-102	SRR9055257	AMPLICON	251	GCACACACGTTA	32165901	PRJNA542910	SAMN11645380	MIMARKS.survey,MIGS/MIMS/MIMARKS.human-gut	18415004	STANFORD UNIVERSITY	2013-09-25	public	fastq,sra	s3,gs,ncbi	ncbi.public,gs.US,s3.us-east-1	1972-07-25	ENVO:00002003	UBERON:0000059	ENVO:00002003	SRX5831481	USA	North America	USA: Stanford\, California	163.3	stool	obese	Homo sapiens	Illumina MiSeq		G4	37.4241 N 122.1661 W	G4_320	PAIRED	PCR	METAGENOMIC	GTGCCAGCMGCCGCGGTAA	human metagenome	ILLUMINA	2020-03-06T00:00:00Z	freezer	-80C	G4_320	320	SRP198412	1191	Baseline	101.0	91.6	85.7	102.6	Blue	female	
sample-103	SRR9055259	AMPLICON	251	TTCCTAGGTGAG	30150622	PRJNA542910	SAMN11644992	MIMARKS.survey,MIGS/MIMS/MIMARKS.human-gut	16442832	STANFORD UNIVERSITY	2013-09-15	public	sra,fastq	gs,ncbi,s3	ncbi.public,gs.US,s3.us-east-1	1972-05-14	ENVO:00002003	UBERON:0000059	ENVO:00002003	SRX5831479	USA	North America	USA: Stanford\, California	175.4	stool	obese	Homo sapiens	Illumina MiSeq		G1	37.4241 N 122.1661 W	G1_66	PAIRED	PCR	METAGENOMIC	GTGCCAGCMGCCGCGGTAA	human metagenome	ILLUMINA	2020-03-06T00:00:00Z	freezer	-80C	G1_66	66	SRP198412	1126	Baseline	68.5	64.2	64.0	70.9	Blue	female	
sample-104	SRR9055271	AMPLICON	251	AATCAGTCTCGT	43964658	PRJNA542910	SAMN11644998	MIMARKS.survey,MIGS/MIMS/MIMARKS.human-gut	26446550	STANFORD UNIVERSITY	2013-09-15	public	fastq,sra	ncbi,gs,s3	ncbi.public,gs.US,s3.us-east-1	1965-06-17	ENVO:00002003	UBERON:0000059	ENVO:00002003	SRX5831467	USA	North America	USA: Stanford\, California	175.2	stool	obese	Homo sapiens	Illumina MiSeq		G1	37.4241 N 122.1661 W	G1_1	PAIRED	PCR	METAGENOMIC	GTGCCAGCMGCCGCGGTAA	human metagenome	ILLUMINA	2020-03-06T00:00:00Z	freezer	-80C	G1_1	1	SRP198412	1127	Baseline	102.7	100.2	100.9	106.1	Purple	female	
sample-105	SRR9055272	AMPLICON	251	TATCGTTGACCA	58789973	PRJNA542910	SAMN11644997	MIMARKS.survey,MIGS/MIMS/MIMARKS.human-gut	32429921	STANFORD UNIVERSITY	2013-11-02	public	sra,fastq	ncbi,gs,s3	ncbi.public,gs.US,s3.us-east-1	1965-06-17	ENVO:00002003	UBERON:0000059	ENVO:00002003	SRX5831466	USA	North America	USA: Stanford\, California	175.2	stool	obese	Homo sapiens	Illumina MiSeq		G1	37.4241 N 122.1661 W	G1_4	PAIRED	PCR	METAGENOMIC	GTGCCAGCMGCCGCGGTAA	human metagenome	ILLUMINA	2020-03-06T00:00:00Z	freezer	-80C	G1_4	4	SRP198412	1127	10 Week	102.7	100.2	100.9	106.1	Purple	female	
sample-106	SRR9055275	AMPLICON	251	ATTCCTGTGAGT	40148705	PRJNA542910	SAMN11645299	MIMARKS.survey,MIGS/MIMS/MIMARKS.human-gut	25591752	STANFORD UNIVERSITY	2013-09-25	public	fastq,sra	s3,gs,ncbi	ncbi.public,s3.us-east-1,gs.US	1975-11-18	ENVO:00002003	UBERON:0000059	ENVO:00002003	SRX5831463	USA	North America	USA: Stanford\, California	163.5	stool	obese	Homo sapiens	Illumina MiSeq		G4	37.4241 N 122.1661 W	G4_356	PAIRED	PCR	METAGENOMIC	GTGCCAGCMGCCGCGGTAA	human metagenome	ILLUMINA	2020-03-06T00:00:00Z	freezer	-80C	G4_356	356	SRP198412	1102	Baseline	79.7	78.3	78.5	81.5	Purple	female	
sample-107	SRR9055278	AMPLICON	251	CTGCTAACGCAA	27979221	PRJNA542910	SAMN11645306	MIMARKS.survey,MIGS/MIMS/MIMARKS.human-gut	15856938	STANFORD UNIVERSITY	2013-09-27	public	fastq,sra	s3,gs,ncbi	ncbi.public,gs.US,s3.us-east-1	1971-08-11	ENVO:00002003	UBERON:0000059	ENVO:00002003	SRX5831460	USA	North America	USA: Stanford\, California	163.3	stool	obese	Homo sapiens	Illumina MiSeq		G4	37.4241 N 122.1661 W	G4_338	PAIRED	PCR	METAGENOMIC	GTGCCAGCMGCCGCGGTAA	human metagenome	ILLUMINA	2020-03-06T00:00:00Z	freezer	-80C	G4_338	338	SRP198412	1131	Baseline	78.8	79.5	75.4	85.1	Purple	male	
sample-108	SRR9055280	AMPLICON	251	CTATTTGCGACA	44127306	PRJNA542910	SAMN11645304	MIMARKS.survey,MIGS/MIMS/MIMARKS.human-gut	28914312	STANFORD UNIVERSITY	2013-12-11	public	fastq,sra	s3,gs,ncbi	ncbi.public,gs.US,s3.us-east-1	1975-11-18	ENVO:00002003	UBERON:0000059	ENVO:00002003	SRX5831458	USA	North America	USA: Stanford\, California	163.5	stool	obese	Homo sapiens	Illumina MiSeq		G4	37.4241 N 122.1661 W	G4_359	PAIRED	PCR	METAGENOMIC	GTGCCAGCMGCCGCGGTAA	human metagenome	ILLUMINA	2020-03-06T00:00:00Z	freezer	-80C	G4_359	359	SRP198412	1102	10 Week	79.7	78.3	78.5	81.5	Purple	female	
sample-109	SRR9055282	AMPLICON	251	TCGAGGACTGCA	29465392	PRJNA542910	SAMN11645308	MIMARKS.survey,MIGS/MIMS/MIMARKS.human-gut	18544804	STANFORD UNIVERSITY	2013-12-12	public	sra,fastq	ncbi,s3,gs	gs.US,s3.us-east-1,ncbi.public	1971-08-11	ENVO:00002003	UBERON:0000059	ENVO:00002003	SRX5831456	USA	North America	USA: Stanford\, California	163.3	stool	obese	Homo sapiens	Illumina MiSeq		G4	37.4241 N 122.1661 W	G4_341.G4	PAIRED	PCR	METAGENOMIC	GTGCCAGCMGCCGCGGTAA	human metagenome	ILLUMINA	2020-03-06T00:00:00Z	freezer	-80C	G4_341.G4	341.G4	SRP198412	1131	10 Week	78.8	79.5	75.4	85.1	Purple	male	
sample-110	SRR9055295	AMPLICON	251	GAGGCTCATCAT	32349382	PRJNA542910	SAMN11645186	MIMARKS.survey,MIGS/MIMS/MIMARKS.human-gut	18035050	STANFORD UNIVERSITY	2013-09-22	public	fastq,sra	s3,gs,ncbi	ncbi.public,gs.US,s3.us-east-1	1966-09-15	ENVO:00002003	UBERON:0000059	ENVO:00002003	SRX5831443	USA	North America	USA: Stanford\, California	171.7	stool	obese	Homo sapiens	Illumina MiSeq		G2	37.4241 N 122.1661 W	G2_163	PAIRED	PCR	METAGENOMIC	GTGCCAGCMGCCGCGGTAA	human metagenome	ILLUMINA	2020-03-06T00:00:00Z	freezer	-80C	G2_163	163	SRP198412	1155	Baseline	97.1	92.7	94.3	96.3	Purple	male	
sample-111	SRR9055313	AMPLICON	251	GTACATACCGGT	28337649	PRJNA542910	SAMN11644976	MIMARKS.survey,MIGS/MIMS/MIMARKS.human-gut	15800377	STANFORD UNIVERSITY	2013-11-27	public	fastq,sra	ncbi,gs,s3	ncbi.public,gs.US,s3.us-east-1	1977-06-16	ENVO:00002003	UBERON:0000059	ENVO:00002003	SRX5831425	USA	North America	USA: Stanford\, California	154.8	stool	obese	Homo sapiens	Illumina MiSeq		G1	37.4241 N 122.1661 W	G1_10	PAIRED	PCR	METAGENOMIC	GTGCCAGCMGCCGCGGTAA	human metagenome	ILLUMINA	2020-03-06T00:00:00Z	freezer	-80C	G1_10	10	SRP198412	1111	10 Week	107.3	106.8	104.5	112.7	Purple	male	
sample-112	SRR9055316	AMPLICON	251	AGATGTTCTGCT	1004	PRJNA542910	SAMN11644969	MIGS/MIMS/MIMARKS.human-gut,MIMARKS.survey	79846	STANFORD UNIVERSITY	2013-12-03	public	fastq,sra	ncbi,s3,gs	gs.US,s3.us-east-1,ncbi.public	1969-01-15	ENVO:00002003	UBERON:0000059	ENVO:00002003	SRX5831422	USA	North America	USA: Stanford\, California	169.2	stool	obese	Homo sapiens	Illumina MiSeq		G1	37.4241 N 122.1661 W	G1_103	PAIRED	PCR	METAGENOMIC	GTGCCAGCMGCCGCGGTAA	human metagenome	ILLUMINA	2020-03-06T00:00:00Z	freezer	-80C	G1_103	103	SRP198412	1110	10 Week	74.8	73.1	73.3	76.1	Blue	female	
sample-113	SRR9055317	AMPLICON	251	CTAACCTCCGCT	62759789	PRJNA542910	SAMN11644972	MIMARKS.survey,MIGS/MIMS/MIMARKS.human-gut	35230054	STANFORD UNIVERSITY	2013-09-16	public	sra,fastq	gs,ncbi,s3	ncbi.public,gs.US,s3.us-east-1	1977-06-16	ENVO:00002003	UBERON:0000059	ENVO:00002003	SRX5831421	USA	North America	USA: Stanford\, California	154.8	stool	obese	Homo sapiens	Illumina MiSeq		G1	37.4241 N 122.1661 W	G1_7	PAIRED	PCR	METAGENOMIC	GTGCCAGCMGCCGCGGTAA	human metagenome	ILLUMINA	2020-03-06T00:00:00Z	freezer	-80C	G1_7	7	SRP198412	1111	Baseline	107.3	106.8	104.5	112.7	Purple	male	
sample-114	SRR9055321	AMPLICON	251	TGAGTCACTGGT	36831740	PRJNA542910	SAMN11645356	MIMARKS.survey,MIGS/MIMS/MIMARKS.human-gut	21180108	STANFORD UNIVERSITY	2014-01-08	public	sra,fastq	ncbi,s3,gs	gs.US,s3.us-east-1,ncbi.public	1974-04-06	ENVO:00002003	UBERON:0000059	ENVO:00002003	SRX5831417	USA	North America	USA: Stanford\, California	172.8	stool	obese	Homo sapiens	Illumina MiSeq		G4	37.4241 N 122.1661 W	G4_317	PAIRED	PCR	METAGENOMIC	GTGCCAGCMGCCGCGGTAA	human metagenome	ILLUMINA	2020-03-06T00:00:00Z	freezer	-80C	G4_317	317	SRP198412	1175	10 Week	86.9	82.8	84.4	89.7	Blue	male	
sample-115	SRR9055324	AMPLICON	251	TCCGACACAATT	44508324	PRJNA542910	SAMN11645351	MIMARKS.survey,MIGS/MIMS/MIMARKS.human-gut	28298154	STANFORD UNIVERSITY	2013-09-27	public	fastq,sra	s3,gs,ncbi	ncbi.public,gs.US,s3.us-east-1	1974-04-06	ENVO:00002003	UBERON:0000059	ENVO:00002003	SRX5831414	USA	North America	USA: Stanford\, California	172.8	stool	obese	Homo sapiens	Illumina MiSeq		G4	37.4241 N 122.1661 W	G4_314	PAIRED	PCR	METAGENOMIC	GTGCCAGCMGCCGCGGTAA	human metagenome	ILLUMINA	2020-03-06T00:00:00Z	freezer	-80C	G4_314	314	SRP198412	1175	Baseline	86.9	82.8	84.4	89.7	Blue	male	
sample-116	SRR9055332	AMPLICON	250	AGGCTACACGAC	59448500	PRJNA542910	SAMN11645420	MIMARKS.survey,MIGS/MIMS/MIMARKS.human-gut	33428605	STANFORD UNIVERSITY	2014-01-18	public	fastq,sra	gs,ncbi,s3	s3.us-east-1,ncbi.public,gs.US	1970-12-18	ENVO:00002003	UBERON:0000059	ENVO:00002003	SRX5831406	USA	North America	USA: Stanford\, California	183.6	stool	obese	Homo sapiens	Illumina MiSeq		G5	37.4241 N 122.1661 W	G5_415	PAIRED	PCR	METAGENOMIC	GTGCCAGCMGCCGCGGTAA	human metagenome	ILLUMINA	2020-03-06T00:00:00Z	freezer	-80C	G5_415	415	SRP198412	1184	10 Week	112.2	111.9	112.3	112.2	Purple	male	
sample-117	SRR9055335	AMPLICON	250	TCCGACACAATT	60981000	PRJNA542910	SAMN11645425	MIMARKS.survey,MIGS/MIMS/MIMARKS.human-gut	34235189	STANFORD UNIVERSITY	2013-12-20	public	fastq,sra	s3,gs,ncbi	ncbi.public,gs.US,s3.us-east-1	1968-12-01	ENVO:00002003	UBERON:0000059	ENVO:00002003	SRX5831403	USA	North America	USA: Stanford\, California	170.2	stool	obese	Homo sapiens	Illumina MiSeq		G5	37.4241 N 122.1661 W	G5_428	PAIRED	PCR	METAGENOMIC	GTGCCAGCMGCCGCGGTAA	human metagenome	ILLUMINA	2020-03-06T00:00:00Z	freezer	-80C	G5_428	428	SRP198412	1188	10 Week	102.5	103.1	101.5	108.4	Purple	female	
sample-118	SRR9055336	AMPLICON	250	GTATGCGCTGTA	48516750	PRJNA542910	SAMN11645424	MIMARKS.survey,MIGS/MIMS/MIMARKS.human-gut	26841867	STANFORD UNIVERSITY	2013-09-26	public	fastq,sra	s3,gs,ncbi	ncbi.public,s3.us-east-1,gs.US	1968-12-01	ENVO:00002003	UBERON:0000059	ENVO:00002003	SRX5831402	USA	North America	USA: Stanford\, California	170.2	stool	obese	Homo sapiens	Illumina MiSeq		G5	37.4241 N 122.1661 W	G5_426	PAIRED	PCR	METAGENOMIC	GTGCCAGCMGCCGCGGTAA	human metagenome	ILLUMINA	2020-03-06T00:00:00Z	freezer	-80C	G5_426	426	SRP198412	1188	Baseline	102.5	103.1	101.5	108.4	Purple	female	
sample-119	SRR9055340	AMPLICON	250	ACGCGCAGATAC	1000	PRJNA542910	SAMN11645428	MIMARKS.survey,MIGS/MIMS/MIMARKS.human-gut	79841	STANFORD UNIVERSITY	2013-09-25	public	sra,fastq	ncbi,gs,s3	ncbi.public,gs.US,s3.us-east-1	1973-02-23	ENVO:00002003	UBERON:0000059	ENVO:00002003	SRX5831398	USA	North America	USA: Stanford\, California	162.9	stool	obese	Homo sapiens	Illumina MiSeq		G5	37.4241 N 122.1661 W	G5_448	PAIRED	PCR	METAGENOMIC	GTGCCAGCMGCCGCGGTAA	human metagenome	ILLUMINA	2020-03-06T00:00:00Z	freezer	-80C	G5_448	448	SRP198412	1190	Baseline	97.4	96.5	88.9	106.4	Blue	female	
sample-120	SRR9055348	AMPLICON	251	TAGGATTGCTCG	27945085	PRJNA542910	SAMN11645216	MIMARKS.survey,MIGS/MIMS/MIMARKS.human-gut	16989900	STANFORD UNIVERSITY	2013-09-23	public	sra,fastq	ncbi,gs,s3	ncbi.public,gs.US,s3.us-east-1	1964-09-16	ENVO:00002003	UBERON:0000059	ENVO:00002003	SRX5831390	USA	North America	USA: Stanford\, California	169.4	stool	obese	Homo sapiens	Illumina MiSeq		G3	37.4241 N 122.1661 W	G3_232	PAIRED	PCR	METAGENOMIC	GTGCCAGCMGCCGCGGTAA	human metagenome	ILLUMINA	2020-03-06T00:00:00Z	freezer	-80C	G3_232	232	SRP198412	1138	Baseline	72.6	75.7	70.0	86.0	Blue	female	
sample-121	SRR9055367	AMPLICON	251	GCTGATGAGCTG	27563565	PRJNA542910	SAMN11645211	MIMARKS.survey,MIGS/MIMS/MIMARKS.human-gut	17381321	STANFORD UNIVERSITY	2013-09-26	public	sra,fastq	gs,ncbi,s3	ncbi.public,gs.US,s3.us-east-1	1980-02-14	ENVO:00002003	UBERON:0000059	ENVO:00002003	SRX5831371	USA	North America	USA: Stanford\, California	172.8	stool	obese	Homo sapiens	Illumina MiSeq		G3	37.4241 N 122.1661 W	G3_228	PAIRED	PCR	METAGENOMIC	GTGCCAGCMGCCGCGGTAA	human metagenome	ILLUMINA	2020-03-06T00:00:00Z	freezer	-80C	G3_228	228	SRP198412	1115	Baseline	108.7	97.7	99.1	104.9	Blue	female	
sample-122	SRR9055368	AMPLICON	251	GGATGGTGTTGC	57041256	PRJNA542910	SAMN11645212	MIMARKS.survey,MIGS/MIMS/MIMARKS.human-gut	40009232	STANFORD UNIVERSITY	2013-12-04	public	sra,fastq	gs,ncbi,s3	ncbi.public,gs.US,s3.us-east-1	1980-02-14	ENVO:00002003	UBERON:0000059	ENVO:00002003	SRX5831370	USA	North America	USA: Stanford\, California	172.8	stool	obese	Homo sapiens	Illumina MiSeq		G3	37.4241 N 122.1661 W	G3_230	PAIRED	PCR	METAGENOMIC	GTGCCAGCMGCCGCGGTAA	human metagenome	ILLUMINA	2020-03-06T00:00:00Z	freezer	-80C	G3_230	230	SRP198412	1115	10 Week	108.7	97.7	99.1	104.9	Blue	female	
sample-123	SRR9055369	AMPLICON	251	ATTCCTGTGAGT	36803126	PRJNA542910	SAMN11645209	MIMARKS.survey,MIGS/MIMS/MIMARKS.human-gut	25637309	STANFORD UNIVERSITY	2013-12-04	public	fastq,sra	ncbi,s3,gs	ncbi.public,gs.US,s3.us-east-1	1975-05-16	ENVO:00002003	UBERON:0000059	ENVO:00002003	SRX5831369	USA	North America	USA: Stanford\, California	167.7	stool	obese	Homo sapiens	Illumina MiSeq		G3	37.4241 N 122.1661 W	G3_259	PAIRED	PCR	METAGENOMIC	GTGCCAGCMGCCGCGGTAA	human metagenome	ILLUMINA	2020-03-06T00:00:00Z	freezer	-80C	G3_259	259	SRP198412	1108	10 Week	78.1	82.4	73.8	95.0	Blue	male	
sample-124	SRR9055377	AMPLICON	251	GACTTTCCCTCG	26798266	PRJNA542910	SAMN11645217	MIMARKS.survey,MIGS/MIMS/MIMARKS.human-gut	16874946	STANFORD UNIVERSITY	2013-12-03	public	fastq,sra	ncbi,s3,gs	gs.US,s3.us-east-1,ncbi.public	1964-09-16	ENVO:00002003	UBERON:0000059	ENVO:00002003	SRX5831361	USA	North America	USA: Stanford\, California	169.4	stool	obese	Homo sapiens	Illumina MiSeq		G3	37.4241 N 122.1661 W	G3_235	PAIRED	PCR	METAGENOMIC	GTGCCAGCMGCCGCGGTAA	human metagenome	ILLUMINA	2020-03-06T00:00:00Z	freezer	-80C	G3_235	235	SRP198412	1138	10 Week	72.6	75.7	70.0	86.0	Blue	female	
sample-125	SRR9055380	AMPLICON	251	GAACCAAAGGAT	53908525	PRJNA542910	SAMN11645249	MIMARKS.survey,MIGS/MIMS/MIMARKS.human-gut	37300028	STANFORD UNIVERSITY	2013-09-20	public	fastq,sra	gs,ncbi,s3	gs.US,s3.us-east-1,ncbi.public	1967-05-05	ENVO:00002003	UBERON:0000059	ENVO:00002003	SRX5831358	USA	North America	USA: Stanford\, California	164.4	stool	obese	Homo sapiens	Illumina MiSeq		G3	37.4241 N 122.1661 W	G3_213	PAIRED	PCR	METAGENOMIC	GTGCCAGCMGCCGCGGTAA	human metagenome	ILLUMINA	2020-03-06T00:00:00Z	freezer	-80C	G3_213	213	SRP198412	1153	Baseline	88.6	83.6	83.0	89.6	Blue	female	
sample-126	SRR9055382	AMPLICON	251	TCCGACACAATT	3514	PRJNA542910	SAMN11645251	MIMARKS.survey,MIGS/MIMS/MIMARKS.human-gut	82361	STANFORD UNIVERSITY	2013-12-01	public	fastq,sra	ncbi,gs,s3	ncbi.public,gs.US,s3.us-east-1	1967-05-05	ENVO:00002003	UBERON:0000059	ENVO:00002003	SRX5831356	USA	North America	USA: Stanford\, California	164.4	stool	obese	Homo sapiens	Illumina MiSeq		G3	37.4241 N 122.1661 W	G3_216	PAIRED	PCR	METAGENOMIC	GTGCCAGCMGCCGCGGTAA	human metagenome	ILLUMINA	2020-03-06T00:00:00Z	freezer	-80C	G3_216	216	SRP198412	1153	10 Week	88.6	83.6	83.0	89.6	Blue	female	
